TimeStamp,LAEZ,LAEC,LAEA,LZpeak,LZpeakT,LCpeak,LCpeakT,LApeak,LApeakT,LAFmax,LAFmaxT,LAFmin,LAFminT,LZeq,LCeq,LAeq,BT25,BT31_5,BT40,BT50,BT63,BT80,BT100,BT125,BT160,BT200,BT250,BT315,BT400,BT500,BT630,BT800,BT1000,BT1250,BT1600,BT2000,BT2500,BT3150,BT4000,BT5000,BT6300,BT8000,BT10000,BT12500,BT16000,BT20000,LAEA_SLOW_Event,EventDetect,EventType1,EventType2,EventType3,EventType4,EventType5,EventType6,EventType7,EventType8,EventType9,EventType10
1772972641.1828,55.4,53.7,51.0,75.3,75.4,68.9,69.7,66.1,66.8,57.6,57.7,43.1,42.7,54.8,54.2,54.3,22.8,48.5,30.0,25.6,32.8,50.3,36.8,25.7,30.5,27.6,31.0,43.8,27.8,37.0,43.3,21.8,38.6,20.5,53.6,30.2,35.9,24.1,28.3,43.4,25.3,23.6,44.7,20.1,47.4,24.1,49.2,0,0.043,0.018,0.03,0.048,0.053,0.002,0.17,0.094,0.008,0.291
1772972641.2453,44.0,43.7,41.6,58.8,58.8,52.9,53.0,51.1,50.8,48.0,49.7,36.4,34.4,46.9,44.2,44.8,20.7,28.5,36.8,24.3,17.9,31.3,40.9,21.5,39.8,41.8,40.3,24.7,18.1,27.6,12.8,25.7,22.9,17.8,23.9,35.1,30.6,19.8,26.6,22.4,42.4,34.3,27.3,31.7,16.4,35.4,40.1,0,0.091,0.012,0.147,0.063,0.019,0.251,0.165,0.216,0.248,0.113
1772972641.3078,50.9,50.4,47.4,65.1,67.7,61.7,62.7,58.9,59.0,55.2,56.8,36.8,35.4,51.7,49.9,51.3,22.7,44.0,31.8,40.6,44.2,19.0,17.6,37.8,32.1,25.6,41.1,40.7,41.5,36.1,41.4,23.3,39.7,45.0,42.0,36.1,28.2,37.2,45.6,29.9,29.5,25.8,21.9,25.0,48.7,33.0,45.3,0,0.21,0.097,0.206,0.233,0.296,0.268,0.125,0.253,0.085,0.178
1772972641.3703,44.0,41.8,40.5,61.2,65.6,58.0,59.7,56.8,56.6,49.5,50.9,32.0,32.0,43.8,42.5,45.0,25.3,11.9,23.4,33.2,25.0,12.8,11.7,29.7,24.9,21.7,16.0,37.0,11.3,20.0,28.0,15.8,29.3,9.3,12.4,16.3,27.3,28.1,11.4,25.5,36.5,32.5,31.7,38.2,26.8,36.2,40.5,0,0.26,0.01,0.122,0.299,0.002,0.15,0.278,0.129,0.102,0.014
1772972641.4328,52.0,50.8,49.8,63.6,64.9,60.1,61.4,58.9,57.5,57.4,58.4,36.8,35.4,55.1,52.3,53.6,40.3,45.8,37.3,33.7,22.9,19.8,39.1,22.5,37.6,27.0,39.5,37.7,43.8,26.2,24.6,27.9,34.3,32.1,19.6,29.9,22.9,24.8,29.0,46.4,44.8,27.0,32.9,49.1,37.7,32.2,47.4,0,0.255,0.287,0.129,0.264,0.174,0.222,0.07,0.156,0.247,0.269
1772972641.4953,42.0,39.5,37.5,57.8,58.8,52.4,53.3,50.4,51.1,44.8,45.6,27.0,25.7,41.7,40.9,41.1,33.0,30.3,17.9,23.5,40.1,30.8,16.5,36.3,35.3,7.8,27.5,11.2,24.6,26.5,14.5,34.8,16.9,18.1,20.6,9.3,21.1,26.4,20.0,36.5,29.0,18.4,20.6,23.5,30.6,34.2,35.6,0,0.198,0.14,0.244,0.169,0.056,0.156,0.176,0.04,0.069,0.13
1772972641.5578,49.5,47.4,45.8,69.9,70.4,63.5,64.6,60.8,61.7,53.3,55.0,35.4,33.5,49.3,48.8,49.5,35.4,20.7,22.6,30.7,22.1,41.0,41.7,42.2,21.8,35.2,19.0,35.9,36.5,20.5,26.1,42.6,26.5,23.2,37.0,43.6,41.9,36.1,42.3,28.2,31.9,45.0,24.7,36.2,17.6,23.4,43.1,0,0.243,0.192,0.035,0.267,0.265,0.072,0.199,0.096,0.101,0.196
1772972641.6203,55.0,51.3,50.1,73.4,70.8,67.4,67.8,66.1,66.1,55.3,56.8,42.4,40.4,55.9,52.5,52.7,38.3,40.2,46.6,39.8,21.6,44.2,27.9,40.2,49.4,34.9,32.0,35.3,46.8,39.6,30.4,32.4,41.9,26.9,25.3,41.1,28.5,25.1,41.0,23.4,43.3,21.2,48.9,41.8,35.8,35.1,50.1,0,0.147,0.038,0.296,0.242,0.082,0.201,0.184,0.208,0.201,0.096
1772972641.6828,48.7,48.1,45.2,67.2,70.4,62.8,63.6,60.6,59.9,52.2,53.2,35.0,34.9,49.7,46.5,48.7,44.6,37.0,34.9,43.2,21.0,13.9,41.6,31.8,16.3,38.6,24.9,42.5,38.6,26.1,42.3,28.1,16.8,20.2,41.8,27.7,37.9,40.3,23.3,42.4,24.9,39.3,26.4,27.0,23.1,40.1,42.3,0,0.228,0.299,0.016,0.249,0.276,0.169,0.153,0.168,0.185,0.111
1772972641.7453,55.6,54.1,51.8,75.6,78.2,70.5,71.0,68.4,68.9,58.5,60.2,39.8,37.8,55.8,53.0,55.1,47.9,39.3,27.4,41.0,42.4,38.2,27.6,43.3,42.4,29.5,26.6,25.7,47.9,33.6,50.6,47.6,42.2,35.4,23.8,39.6,39.2,49.5,23.8,45.7,44.9,40.2,24.9,30.2,32.4,33.7,49.4,0,0.036,0.169,0.152,0.136,0.001,0.294,0.292,0.284,0.278,0.118
1772972641.8078,54.2,53.2,51.4,75.5,75.5,67.8,67.9,64.8,65.6,58.5,58.8,37.5,35.5,54.6,54.2,55.0,35.2,33.5,24.4,40.8,35.8,34.6,22.6,32.4,26.7,40.9,35.8,39.0,42.1,42.7,44.9,33.1,42.9,38.4,25.1,41.8,26.7,35.4,45.7,43.8,39.5,21.2,21.7,39.6,46.9,29.2,50.7,1,0.057,0.179,0.231,0.141,0.09,0.278,0.17,0.031,0.111,0.22
1772972641.8703,56.1,54.8,53.1,71.1,70.4,64.1,65.4,62.0,61.4,60.3,60.9,45.6,43.9,57.4,54.1,56.7,37.1,26.7,46.8,34.3,37.6,55.6,44.9,31.4,27.8,27.4,51.4,46.4,31.7,47.0,40.3,28.2,33.5,36.6,55.6,46.3,42.8,37.2,44.6,35.8,26.8,37.9,28.4,39.7,23.6,49.7,51.8,0,0.258,0.264,0.294,0.112,0.093,0.265,0.157,0.12,0.252,0.02
1772972641.9328,42.5,41.3,39.7,55.1,57.3,51.0,52.9,48.4,48.1,47.7,47.7,29.5,27.5,44.6,41.9,43.7,9.8,21.0,24.8,18.0,22.5,21.9,16.3,24.9,20.1,20.9,27.8,33.5,29.2,30.4,23.4,25.9,35.2,10.8,27.1,20.3,15.9,16.8,40.2,36.3,27.4,24.6,32.1,38.7,19.0,14.6,37.2,0,0.052,0.294,0.212,0.179,0.139,0.256,0.098,0.289,0.071,0.186
1772972641.9953,55.5,53.2,51.7,74.7,69.7,66.7,67.6,63.9,64.9,61.5,62.7,40.2,38.5,57.5,54.7,56.6,40.3,37.8,47.4,24.9,42.5,40.0,32.2,45.9,36.1,44.6,24.9,49.4,34.6,47.2,43.7,35.9,30.2,23.4,32.1,36.3,26.5,47.5,45.4,23.4,47.9,50.8,31.7,41.3,48.9,37.1,49.4,0,0.104,0.19,0.085,0.148,0.281,0.069,0.205,0.162,0.044,0.226
1772972642.0578,55.0,51.3,50.1,73.8,73.6,66.1,66.9,63.6,64.2,58.8,59.5,37.4,35.8,54.8,51.7,54.5,45.3,37.8,38.3,38.6,22.7,20.3,27.6,34.2,28.0,42.5,42.8,25.3,22.2,41.0,44.0,50.4,44.7,26.5,33.7,29.2,25.9,46.2,29.5,31.1,25.1,25.2,31.6,44.6,30.6,46.0,48.0,0,0.226,0.099,0.175,0.255,0.148,0.272,0.105,0.17,0.186,0.036
1772972642.1203,44.7,44.2,41.5,63.3,60.5,55.5,56.9,53.1,54.4,50.8,51.4,36.4,34.9,45.2,44.0,46.1,31.3,36.6,21.8,29.7,36.2,11.0,26.9,24.0,35.5,33.6,21.4,32.9,31.0,39.8,22.3,19.3,41.3,17.1,12.0,33.7,12.5,19.1,33.5,18.1,31.3,32.8,12.0,40.1,20.7,14.3,38.6,0,0.028,0.293,0.063,0.162,0.075,0.147,0.07,0.073,0.226,0.266
1772972642.1828,46.2,42.5,41.4,66.2,63.6,58.4,58.7,56.6,57.4,49.2,50.7,29.5,28.4,46.8,42.9,45.3,10.6,15.1,24.6,34.3,27.5,22.2,19.1,16.0,35.1,29.0,35.9,16.9,23.0,16.9,29.8,14.7,28.1,13.3,28.4,25.4,42.4,27.2,32.2,39.3,34.0,18.0,33.7,37.1,32.5,29.3,39.9,0,0.284,0.089,0.022,0.173,0.208,0.245,0.242,0.199,0.043,0.082
1772972642.2453,46.4,44.7,43.1,63.1,66.3,60.0,60.6,58.0,58.9,51.5,52.5,34.2,33.1,47.6,46.8,47.3,25.2,28.8,40.2,16.5,42.4,17.9,41.0,40.1,38.5,29.1,39.5,42.0,28.5,14.8,28.8,15.5,10.8,15.5,17.5,43.6,40.4,32.8,17.4,26.5,27.5,31.8,20.0,17.6,14.2,40.6,41.6,0,0.128,0.003,0.128,0.071,0.126,0.029,0.11,0.127,0.002,0.138
1772972642.3078,52.1,49.8,47.6,66.6,70.9,63.3,64.0,60.7,62.0,54.9,55.4,40.8,40.2,51.2,49.9,51.2,31.7,30.9,30.1,22.1,20.5,42.9,26.8,47.6,42.1,22.3,42.3,30.9,44.4,49.1,24.4,32.7,40.8,29.2,34.1,22.9,47.6,35.1,38.5,26.6,46.5,23.8,20.1,45.7,18.0,41.0,46.2,0,0.013,0.126,0.157,0.179,0.047,0.037,0.051,0.003,0.187,0.212
1772972642.3703,44.2,43.7,41.3,63.9,59.8,56.6,58.4,54.0,55.5,46.6,48.2,32.5,31.1,44.9,42.4,44.0,25.0,37.2,23.0,22.6,34.0,14.6,36.8,18.4,26.6,23.7,9.7,32.1,13.9,15.0,34.0,13.8,14.0,36.1,42.0,9.8,26.6,33.0,22.8,38.3,11.2,20.6,11.5,19.5,29.7,12.8,38.5,0,0.086,0.175,0.066,0.024,0.072,0.091,0.07,0.008,0.105,0.092
1772972642.4328,44.0,43.9,41.1,66.8,66.9,59.0,59.6,56.5,56.5,46.1,46.9,31.6,30.7,46.9,44.3,43.6,35.5,24.1,30.0,35.5,42.1,42.0,20.4,39.4,25.1,29.6,29.7,18.3,19.8,18.0,38.3,20.4,14.0,20.3,9.3,25.2,36.6,26.5,37.8,21.2,37.9,30.3,28.1,22.2,13.8,15.6,40.7,0,0.045,0.222,0.11,0.21,0.081,0.205,0.16,0.09,0.248,0.133
1772972642.4953,58.8,57.6,55.6,79.3,75.9,72.2,72.5,70.1,69.4,63.0,63.2,41.5,39.8,61.3,59.5,59.3,48.9,48.4,30.7,30.2,36.7,44.9,39.5,36.7,27.6,38.1,32.9,40.3,46.6,29.8,42.5,40.5,53.0,37.2,29.4,31.3,46.4,43.1,50.8,36.4,46.5,35.4,52.9,30.1,49.2,46.5,54.5,1,0.07,0.291,0.138,0.065,0.049,0.298,0.163,0.074,0.011,0.127
1772972642.5578,52.3,51.1,50.0,67.3,71.0,63.9,65.6,61.1,61.5,57.5,58.1,44.0,43.5,53.2,53.2,53.8,46.2,23.6,47.1,49.6,22.2,26.8,23.3,47.4,43.3,34.6,28.3,40.1,29.0,40.3,30.3,42.9,36.3,26.8,34.7,20.1,42.0,23.0,31.6,23.9,45.0,43.2,44.1,39.1,44.4,50.1,49.7,0,0.145,0.008,0.012,0.027,0.291,0.053,0.132,0.041,0.138,0.247
1772972642.6203,56.5,53.0,51.8,73.5,76.6,68.8,70.0,67.8,67.7,59.5,61.1,44.2,44.1,57.0,55.4,55.6,35.0,29.1,25.5,22.6,54.3,28.2,46.2,28.3,54.3,28.4,41.3,37.7,38.4,32.9,49.5,35.5,40.1,34.1,47.6,45.7,34.7,27.9,46.8,44.8,38.3,45.6,50.1,31.1,43.4,40.5,49.8,0,0.255,0.059,0.003,0.108,0.189,0.189,0.001,0.209,0.006,0.058
1772972642.6828,44.6,45.3,42.4,68.7,66.7,61.8,63.6,58.9,59.4,49.2,50.3,29.7,27.9,45.6,44.8,45.8,17.0,23.4,32.0,39.8,18.8,23.8,34.5,24.4,40.2,15.7,26.3,36.8,38.6,31.1,24.2,13.7,36.2,23.4,28.7,43.5,14.8,34.8,33.5,33.6,40.8,18.3,42.2,40.6,32.7,29.2,39.9,0,0.062,0.097,0.209,0.122,0.041,0.251,0.069,0.061,0.294,0.059
1772972642.7453,48.9,47.4,46.1,62.7,66.3,59.2,60.4,58.2,56.3,54.2,55.9,40.4,38.7,51.2,48.7,50.2,22.5,28.3,24.0,41.2,39.8,31.7,30.6,22.3,15.0,25.5,18.3,28.1,36.9,33.7,31.4,45.1,35.4,29.9,34.3,29.2,45.9,33.1,28.0,36.0,18.8,16.6,24.3,21.5,33.9,35.0,45.0,0,0.119,0.259,0.172,0.273,0.056,0.218,0.128,0.269,0.195,0.079
1772972642.8078,44.5,44.7,42.2,59.7,62.2,54.4,56.2,52.7,53.0,51.5,52.9,27.3,26.5,47.5,44.6,46.9,44.1,16.7,42.1,28.1,22.8,26.7,31.0,16.5,22.5,18.6,16.5,20.1,19.3,16.4,23.3,21.8,23.8,34.4,19.1,22.0,28.0,30.7,20.6,36.3,15.8,19.0,41.5,31.4,36.4,21.7,41.3,0,0.056,0.208,0.196,0.055,0.123,0.182,0.008,0.056,0.132,0.207
1772972642.8703,45.4,43.7,40.9,61.6,61.3,54.5,54.6,51.8,52.3,49.4,50.9,30.9,30.9,44.3,43.4,45.1,36.8,25.8,34.1,34.5,12.5,40.7,18.8,19.3,35.4,32.9,28.5,28.2,9.9,21.2,11.0,30.7,19.0,34.1,42.9,16.9,25.7,34.6,34.1,38.6,21.7,13.6,20.0,19.2,27.9,16.5,39.6,0,0.249,0.292,0.277,0.29,0.238,0.032,0.228,0.13,0.13,0.283
1772972642.9328,44.4,41.7,39.7,53.7,55.0,49.8,50.9,48.5,46.9,49.7,49.8,25.1,24.7,45.4,42.3,44.7,24.6,36.4,39.7,24.8,32.1,18.3,33.8,31.7,16.7,13.7,25.9,12.7,30.8,31.3,20.1,17.1,31.9,22.4,35.3,21.5,8.0,26.8,11.1,10.1,21.1,35.4,36.4,14.3,39.3,29.2,39.2,0,0.191,0.195,0.091,0.18,0.093,0.069,0.165,0.121,0.159,0.101
1772972642.9953,53.8,51.5,50.1,71.2,73.1,65.4,66.7,63.6,63.4,56.4,57.2,42.5,42.4,54.3,53.8,53.2,29.3,31.9,40.1,49.5,40.3,37.7,41.9,19.9,34.0,47.9,20.5,31.9,47.5,30.0,23.6,37.1,38.7,21.0,49.3,29.0,41.3,46.5,26.6,45.7,25.6,28.5,45.7,29.6,21.6,48.8,49.2,1,0.163,0.007,0.119,0.253,0.118,0.22,0.15,0.179,0.098,0.199
1772972643.0578,45.3,43.7,42.0,68.7,66.3,60.8,61.0,59.4,58.2,51.0,51.2,33.8,32.7,47.9,44.9,46.5,27.5,27.5,34.4,14.9,27.6,26.7,29.1,24.9,22.8,18.7,26.8,21.6,19.6,42.0,20.1,27.4,36.6,22.6,19.9,14.1,37.8,24.3,18.2,23.8,24.6,27.1,37.9,40.6,13.7,33.4,40.4,0,0.284,0.221,0.145,0.232,0.116,0.157,0.078,0.201,0.218,0.288
1772972643.1203,43.8,43.2,40.6,64.6,61.6,57.8,58.4,56.6,56.6,48.4,49.6,26.9,25.4,45.9,44.0,44.5,40.3,11.0,38.3,34.5,20.3,27.1,20.0,32.6,28.5,21.4,19.4,41.7,16.0,12.4,36.6,37.0,19.6,37.0,20.0,39.6,12.9,29.6,32.6,24.9,25.8,29.1,33.2,31.6,30.7,40.2,40.2,0,0.218,0.006,0.294,0.144,0.211,0.218,0.066,0.25,0.15,0.043
1772972643.1828,57.8,56.0,54.7,74.3,74.5,70.9,71.9,68.5,69.8,63.3,64.5,48.3,47.5,60.4,55.7,59.0,51.7,26.1,32.6,44.1,41.8,45.2,54.3,42.6,30.9,47.5,49.3,38.4,51.8,46.3,49.1,25.3,52.2,30.4,47.8,29.9,29.5,34.3,27.9,37.5,25.4,42.5,40.7,43.8,54.5,47.1,53.4,0,0.159,0.031,0.142,0.049,0.266,0.039,0.226,0.009,0.203,0.27
1772972643.2453,44.8,43.9,41.2,60.3,59.2,54.0,55.1,51.2,52.7,48.1,48.9,26.3,26.2,45.9,44.8,44.7,29.7,20.0,17.5,19.8,43.7,30.6,39.1,38.3,14.5,23.0,18.5,42.1,21.3,34.9,14.4,18.3,16.9,29.2,19.7,30.8,13.2,19.3,24.8,34.9,10.0,37.7,35.1,15.0,32.1,29.9,39.8,1,0.105,0.082,0.277,0.033,0.239,0.247,0.03,0.222,0.247,0.013
1772972643.3078,45.9,43.3,41.6,61.0,59.5,56.0,57.9,54.2,53.7,49.6,51.5,27.4,27.0,47.4,43.0,45.6,34.2,12.3,34.4,23.7,36.4,27.4,15.2,19.3,22.9,40.2,31.5,13.7,24.4,39.8,11.9,20.3,21.1,28.7,35.1,25.1,30.4,16.3,18.3,32.9,32.8,23.6,17.4,25.6,28.6,13.4,39.9,0,0.114,0.031,0.256,0.183,0.041,0.07,0.039,0.085,0.217,0.145
1772972643.3703,49.1,47.6,44.6,61.9,65.5,58.7,59.9,57.5,57.3,52.9,53.0,33.7,32.1,48.5,48.6,48.8,24.9,29.1,28.8,43.4,43.5,29.4,15.5,22.4,31.3,35.5,25.6,40.5,33.8,19.8,22.2,23.9,39.8,21.5,33.0,21.1,21.6,16.4,44.4,36.8,46.1,22.0,34.8,41.1,40.3,24.3,43.8,0,0.216,0.156,0.174,0.078,0.161,0.264,0.031,0.236,0.092,0.23
1772972643.4328,56.2,55.4,53.5,74.8,74.7,70.6,70.7,67.9,68.4,63.2,64.0,46.7,46.5,56.8,54.9,58.4,39.7,53.2,42.2,30.0,43.9,32.1,35.6,43.5,36.3,44.1,38.4,33.6,25.5,38.5,43.9,40.5,48.8,39.4,49.5,27.6,24.0,30.5,33.3,41.6,48.7,35.2,32.3,39.2,24.7,51.0,51.9,0,0.257,0.114,0.033,0.221,0.059,0.165,0.187,0.218,0.034,0.243
1772972643.4953,44.3,43.9,41.3,66.1,63.4,58.4,58.5,56.7,57.2,47.0,47.6,27.5,27.4,44.8,45.2,44.1,38.5,30.7,30.9,25.6,22.3,15.5,37.6,31.3,26.0,32.3,12.5,30.4,9.6,19.3,20.2,21.6,28.5,26.0,11.6,41.8,18.9,39.4,29.5,26.4,29.3,16.3,23.9,17.3,40.0,36.7,39.4,0,0.144,0.193,0.256,0.28,0.218,0.086,0.007,0.258,0.115,0.049
1772972643.5578,56.8,54.2,52.0,74.2,78.6,70.8,71.2,68.3,68.2,59.8,61.2,38.1,38.1,55.2,53.7,55.9,42.0,33.3,41.8,24.5,39.5,43.8,29.4,31.9,43.4,29.8,24.8,36.0,48.5,41.3,23.1,28.3,44.6,30.2,30.3,38.1,40.6,25.1,27.3,43.8,47.6,44.4,41.1,35.3,30.9,44.3,50.7,0,0.238,0.173,0.115,0.052,0.119,0.159,0.128,0.028,0.283,0.188
1772972643.6203,44.8,43.3,40.7,62.4,61.7,55.1,55.6,53.1,52.7,47.6,48.5,29.6,28.5,45.7,43.7,44.2,21.5,31.8,21.8,38.9,16.3,14.9,25.4,32.5,32.5,36.0,30.3,27.2,33.5,36.2,14.7,22.1,19.5,11.2,29.7,15.1,17.2,38.3,25.3,33.4,28.0,35.4,39.1,32.2,14.4,39.4,38.0,0,0.283,0.025,0.214,0.291,0.197,0.23,0.235,0.081,0.179,0.237
1772972643.6828,44.6,44.0,41.6,60.3,60.1,56.8,58.8,54.2,55.4,47.7,49.0,32.5,30.6,44.6,43.9,44.7,31.8,25.1,16.5,35.7,26.6,36.3,31.3,17.6,41.6,11.4,39.2,38.0,39.6,26.3,22.7,21.5,33.7,36.2,38.7,34.1,25.4,17.8,23.2,11.6,19.6,12.9,18.0,36.8,20.8,14.7,41.0,0,0.265,0.165,0.029,0.016,0.211,0.037,0.204,0.158,0.296,0.205
1772972643.7453,60.6,59.9,57.9,80.8,78.9,75.7,75.9,74.7,73.0,64.3,66.0,46.3,44.4,63.8,60.2,61.1,29.7,42.3,48.9,53.0,55.1,33.1,39.5,42.0,46.9,57.4,53.2,32.1,54.1,41.9,55.8,35.6,43.4,56.3,31.6,58.3,55.9,54.5,47.6,55.2,48.9,51.3,40.7,44.5,49.7,40.5,57.0,0,0.029,0.021,0.245,0.246,0.122,0.222,0.222,0.246,0.035,0.128
1772972643.8078,61.0,60.8,58.1,74.8,73.0,69.3,70.9,66.9,67.5,64.8,65.7,48.1,47.9,61.5,59.8,61.5,57.2,60.4,57.1,30.6,32.3,51.7,38.7,30.9,50.8,32.3,30.2,58.5,44.0,55.9,30.1,32.8,55.2,37.0,45.7,43.6,45.3,48.7,56.5,58.2,35.0,32.4,33.0,45.9,41.2,53.3,57.3,0,0.06,0.076,0.23,0.165,0.25,0.15,0.26,0.158,0.182,0.285
1772972643.8703,48.8,45.8,44.1,67.0,64.2,61.1,61.1,59.8,58.3,53.6,55.5,33.3,32.5,49.7,45.8,48.9,18.5,12.8,37.8,26.0,25.3,17.4,41.2,33.5,33.0,18.7,32.3,41.0,41.2,22.0,35.7,37.5,14.4,42.3,24.4,35.3,41.4,15.6,36.1,14.3,30.0,20.7,30.6,27.3,36.0,20.8,41.9,0,0.009,0.021,0.099,0.112,0.256,0.216,0.1,0.04,0.007,0.051
1772972643.9328,50.0,50.3,47.5,70.2,71.4,66.0,67.8,64.6,64.0,53.3,55.0,41.0,39.5,52.9,48.7,50.4,46.9,21.4,38.0,39.9,40.0,20.5,28.7,28.8,26.1,26.7,19.9,45.0,29.8,35.1,20.3,18.0,33.3,47.4,28.5,31.3,27.7,35.1,38.9,42.0,38.8,36.9,30.9,37.1,42.4,28.4,44.7,0,0.008,0.036,0.218,0.009,0.152,0.159,0.173,0.199,0.245,0.17
1772972643.9953,44.9,44.0,42.7,63.9,64.5,59.4,60.8,57.9,57.6,52.3,53.5,29.1,27.2,46.3,45.2,47.5,14.8,20.5,30.7,29.8,34.8,39.4,27.6,33.6,32.4,43.3,17.1,32.1,22.9,35.4,36.4,26.7,27.4,30.5,40.7,44.7,25.5,31.3,43.0,16.2,38.5,27.0,21.5,18.6,28.5,15.3,42.3,0,0.061,0.096,0.084,0.001,0.25,0.134,0.264,0.226,0.197,0.222
1772972644.0578,44.1,41.4,39.5,56.4,58.5,53.0,54.7,50.2,51.6,44.6,46.4,33.3,32.0,45.0,41.5,42.0,19.3,30.4,26.7,34.4,28.0,37.0,22.0,32.1,21.5,30.6,20.8,32.1,39.4,15.6,22.8,26.2,28.8,26.5,41.1,7.4,13.9,10.5,34.6,29.9,40.2,22.8,14.1,29.9,36.6,28.3,38.8,0,0.221,0.297,0.21,0.1,0.136,0.201,0.281,0.173,0.211,0.142
1772972644.1203,46.1,42.2,41.1,58.4,59.9,52.3,52.4,50.6,49.3,51.0,52.3,34.5,33.2,45.0,44.2,46.0,14.7,12.9,27.0,21.5,39.4,19.1,36.2,37.4,25.8,12.3,24.2,26.6,38.5,28.2,23.6,28.0,21.0,28.8,31.6,25.6,12.8,24.1,21.6,34.4,36.3,34.6,24.4,36.0,28.0,30.1,39.0,0,0.273,0.143,0.002,0.285,0.169,0.071,0.232,0.296,0.182,0.187
1772972644.1828,44.1,40.6,39.4,55.0,57.2,51.7,52.3,49.2,50.5,46.6,48.4,31.3,30.2,44.8,42.4,43.0,27.2,41.0,22.4,21.9,31.2,29.8,18.9,27.4,7.9,28.8,22.0,25.5,10.8,14.9,26.4,21.1,39.0,34.5,36.7,14.6,31.7,35.9,19.9,21.5,37.5,39.7,26.1,22.4,14.1,16.5,37.6,0,0.23,0.153,0.282,0.119,0.271,0.126,0.143,0.131,0.125,0.213
1772972644.2453,59.6,58.2,56.3,77.1,78.1,73.8,74.0,72.1,71.0,62.3,62.8,44.8,43.6,59.9,57.7,59.3,53.7,50.5,53.5,39.2,40.3,30.8,32.5,55.2,43.3,30.6,50.6,32.5,40.3,43.9,48.0,41.9,49.6,31.6,30.4,30.5,36.4,51.6,56.5,50.8,34.7,36.8,53.2,43.2,28.5,41.1,55.0,1,0.035,0.013,0.287,0.03,0.286,0.019,0.261,0.048,0.212,0.07
1772972644.3078,47.2,46.6,44.5,59.9,62.1,55.4,56.4,53.9,53.5,52.2,52.5,36.8,36.2,48.2,48.3,48.4,30.2,18.7,39.4,19.9,21.6,38.2,38.3,18.6,27.5,35.7,30.8,31.1,37.4,26.9,27.8,25.3,32.5,36.1,32.5,37.7,27.6,24.8,32.7,18.9,41.1,43.3,25.5,26.4,30.2,18.5,41.7,0,0.201,0.126,0.225,0.283,0.087,0.095,0.152,0.237,0.158,0.166
1772972644.3703,56.9,54.5,52.1,73.8,72.7,68.0,69.1,65.9,66.8,60.4,62.3,44.6,44.4,56.9,55.9,56.2,33.6,35.7,29.5,48.5,35.9,45.6,45.7,30.0,34.4,46.4,25.9,40.9,20.8,35.6,49.3,35.0,27.4,19.8,44.4,27.7,35.6,38.4,50.8,47.3,43.3,38.7,36.7,28.2,37.6,38.5,49.3,0,0.04,0.206,0.277,0.268,0.096,0.289,0.167,0.219,0.168,0.064
1772972644.4328,46.4,45.1,42.7,66.5,67.7,61.3,61.7,59.6,59.1,47.8,47.8,28.0,27.4,48.6,44.5,45.2,22.0,20.4,37.0,39.4,27.9,38.8,22.2,24.9,41.3,27.8,24.8,25.6,27.6,31.8,26.1,16.1,27.0,33.3,37.2,17.2,41.9,37.1,17.4,25.9,18.2,28.2,23.4,16.3,35.2,18.4,42.4,0,0.082,0.237,0.096,0.198,0.288,0.294,0.102,0.188,0.096,0.246
1772972644.4953,46.5,45.3,43.1,58.6,60.6,54.1,56.0,51.7,52.2,50.3,50.9,33.0,31.6,46.6,45.5,46.7,39.4,21.3,34.1,29.0,16.1,17.8,36.3,31.8,39.0,32.7,29.4,17.1,36.9,24.3,33.2,31.5,39.8,39.8,24.3,21.5,17.3,28.5,42.6,22.3,36.8,17.1,35.0,38.4,22.6,30.9,41.2,0,0.092,0.015,0.293,0.086,0.057,0.233,0.053,0.203,0.089,0.186
1772972644.5578,54.2,52.1,49.6,64.6,65.4,60.5,60.6,59.0,59.5,55.0,55.1,39.9,39.4,55.0,50.8,52.3,39.7,36.6,37.3,30.0,20.7,36.1,30.7,46.8,18.0,42.9,46.9,46.2,27.1,36.4,23.2,23.6,32.6,22.7,30.7,22.9,38.4,38.3,42.9,46.2,46.9,21.7,39.4,33.6,35.4,37.5,49.2,0,0.171,0.157,0.015,0.089,0.114,0.061,0.094,0.136,0.123,0.244
1772972644.6203,61.7,60.9,58.8,81.0,82.4,74.8,75.3,72.7,72.3,68.0,68.1,49.7,49.0,62.3,61.3,63.4,51.5,27.3,57.2,61.2,39.8,31.0,47.8,31.3,34.1,37.3,34.3,34.5,56.2,54.9,47.8,33.0,40.1,38.4,43.2,49.1,38.0,28.5,56.6,55.1,43.2,37.9,33.6,29.9,48.2,53.4,56.9,1,0.037,0.07,0.124,0.174,0.294,0.295,0.184,0.095,0.206,0.021
1772972644.6828,54.4,51.4,49.8,72.0,74.7,68.6,69.5,65.9,65.9,56.8,57.1,39.6,38.9,55.2,52.5,53.3,25.7,30.8,33.5,47.9,44.8,19.7,19.2,47.8,45.3,23.6,28.4,23.0,28.8,47.1,31.2,46.7,26.7,41.0,41.2,24.9,31.6,28.0,24.8,47.1,21.9,21.7,42.0,44.2,18.8,36.8,49.3,0,0.229,0.286,0.192,0.229,0.278,0.174,0.289,0.118,0.046,0.007
1772972644.7453,58.2,56.7,55.1,74.3,70.9,67.2,67.6,65.5,64.3,61.9,62.2,42.2,41.5,58.4,57.1,58.5,48.3,43.8,41.5,55.6,36.2,47.4,42.7,43.0,46.7,46.2,50.5,26.0,48.3,43.5,57.0,27.6,43.6,46.2,52.0,29.1,27.1,37.5,28.4,33.9,29.1,31.7,29.5,53.3,52.0,46.0,53.7,0,0.041,0.099,0.126,0.274,0.279,0.044,0.227,0.255,0.07,0.017
1772972644.8078,63.4,60.3,58.5,81.8,85.8,78.0,79.4,75.8,75.2,65.0,65.1,51.1,50.4,63.5,62.1,61.8,40.1,56.7,51.8,42.2,58.1,44.2,34.1,54.9,45.9,53.8,45.2,50.6,50.1,31.9,51.4,32.0,50.3,56.0,36.8,37.8,55.4,29.8,37.6,33.9,34.0,39.9,51.7,44.0,33.6,44.3,57.3,0,0.079,0.227,0.011,0.273,0.187,0.095,0.023,0.184,0.167,0.126
1772972644.8703,44.6,44.7,41.9,65.4,63.6,59.9,60.5,57.3,57.9,48.8,50.5,29.6,29.3,47.3,43.2,45.3,24.6,28.0,30.7,18.8,31.6,39.8,15.4,23.8,18.2,34.1,18.1,19.5,27.7,17.5,23.5,28.2,32.9,19.7,15.3,37.4,20.5,24.4,42.4,31.3,32.3,24.4,31.9,31.4,19.2,25.4,40.1,0,0.28,0.005,0.207,0.262,0.193,0.161,0.131,0.122,0.036,0.241
1772972644.9328,56.0,52.8,51.3,69.2,70.8,63.6,64.3,61.5,61.1,59.2,59.4,37.4,35.7,56.6,54.1,55.2,42.5,29.8,51.5,38.1,49.7,38.3,30.7,34.5,46.1,42.8,42.2,49.7,53.6,27.6,45.3,40.1,34.1,24.8,23.0,41.2,31.5,38.1,32.0,41.5,23.8,37.8,28.2,28.7,28.0,24.3,50.8,0,0.086,0.185,0.06,0.251,0.066,0.125,0.249,0.246,0.004,0.293
1772972644.9953,59.2,59.2,56.7,77.2,78.3,71.7,71.7,69.0,69.7,65.0,66.7,49.8,48.0,62.0,59.3,60.9,38.8,37.9,30.8,50.0,43.3,32.7,32.8,41.5,45.6,52.9,40.9,28.8,31.7,49.2,47.9,54.2,55.2,42.9,42.9,54.2,45.6,35.9,39.0,40.8,43.5,31.4,31.4,53.6,39.1,32.7,55.1,0,0.256,0.056,0.232,0.006,0.01,0.193,0.028,0.039,0.28,0.252
1772972645.0578,62.0,61.3,58.4,73.7,78.4,70.7,71.1,69.3,68.5,67.5,68.7,49.7,48.8,62.1,59.9,63.0,38.0,42.4,33.6,46.3,49.7,36.1,52.0,37.6,58.9,31.5,49.1,37.2,48.6,40.0,44.6,30.9,43.8,36.9,36.7,39.8,38.0,50.2,28.6,56.1,50.9,41.0,37.4,51.3,36.6,54.9,58.2,0,0.201,0.201,0.295,0.111,0.236,0.244,0.105,0.144,0.015,0.087
1772972645.1203,59.4,58.2,56.4,78.3,75.9,70.4,71.1,67.7,69.0,63.3,65.3,41.6,39.7,59.4,59.4,59.8,33.9,29.7,28.5,42.5,33.9,36.5,53.8,45.9,27.6,47.2,41.7,31.1,34.8,44.6,54.0,33.9,52.7,48.1,53.3,29.8,48.9,41.6,35.4,50.8,43.4,36.6,28.7,56.3,52.2,33.1,56.2,0,0.007,0.009,0.035,0.156,0.055,0.021,0.266,0.246,0.013,0.093
1772972645.1828,52.8,51.8,49.0,75.8,76.9,69.0,70.8,67.2,66.7,56.1,56.9,36.8,36.3,53.2,50.7,52.5,29.2,47.3,42.1,24.1,35.9,18.0,39.4,46.4,39.3,42.6,25.9,41.6,25.3,30.0,36.6,50.9,47.0,29.8,43.2,20.6,34.4,42.2,39.0,34.7,45.2,41.3,23.6,29.9,26.3,47.8,48.8,0,0.188,0.079,0.114,0.248,0.285,0.077,0.184,0.118,0.226,0.218
1772972645.2453,46.7,44.8,43.7,64.9,63.9,56.9,57.3,55.9,54.8,49.6,51.4,35.3,34.2,49.6,47.4,46.7,16.8,32.1,44.3,30.8,20.1,24.0,42.8,30.1,36.3,23.6,33.3,37.6,33.6,19.1,38.2,44.6,37.4,39.4,30.3,43.3,32.5,37.2,15.7,26.9,18.4,27.1,22.9,36.5,23.7,28.8,42.8,1,0.016,0.164,0.273,0.155,0.229,0.268,0.094,0.165,0.043,0.105
1772972645.3078,51.6,50.7,48.5,70.6,69.9,63.2,63.3,61.2,61.5,54.5,54.9,42.2,40.7,52.9,49.5,51.5,28.9,38.6,42.3,46.0,41.1,47.4,26.2,46.4,44.5,44.0,37.2,45.0,34.6,36.7,46.7,51.3,30.7,41.9,25.9,43.9,23.8,26.6,20.8,25.2,19.3,30.2,45.1,34.8,44.5,19.2,47.8,0,0.192,0.116,0.161,0.288,0.161,0.122,0.13,0.189,0.155,0.185
1772972645.3703,47.5,45.5,42.9,58.0,56.9,53.4,55.2,52.2,52.1,49.4,51.4,28.5,27.2,47.6,46.2,46.1,26.8,35.4,42.0,24.7,21.8,41.9,28.6,38.9,28.5,39.3,17.6,31.1,29.2,22.6,42.9,35.0,24.3,37.6,24.2,22.4,40.9,32.4,23.4,36.9,30.6,37.3,42.0,27.2,29.0,17.0,40.8,0,0.175,0.091,0.13,0.17,0.001,0.295,0.125,0.277,0.006,0.297
1772972645.4328,57.4,55.7,53.2,73.3,73.1,68.0,68.4,65.8,66.1,61.6,62.3,43.2,41.7,57.5,56.5,57.4,49.0,45.4,37.6,32.4,47.2,42.7,38.5,41.7,44.2,48.0,48.2,53.9,28.6,42.1,41.3,41.9,46.2,34.3,27.8,32.3,43.8,27.5,35.7,40.0,28.1,42.5,51.4,48.2,29.1,26.3,52.8,1,0.004,0.086,0.006,0.112,0.098,0.014,0.222,0.2,0.239,0.187
1772972645.4953,52.5,51.6,50.5,75.3,71.1,67.7,68.2,65.3,66.0,59.1,59.6,45.3,43.8,55.0,52.7,54.8,40.0,45.6,48.3,25.0,42.8,37.7,38.3,51.6,30.5,43.6,39.8,49.7,37.5,20.7,44.4,37.5,39.3,45.8,32.8,21.8,30.6,28.5,37.7,51.7,41.4,34.5,33.8,46.9,27.0,34.2,48.7,0,0.018,0.107,0.273,0.265,0.139,0.217,0.11,0.139,0.018,0.145
1772972645.5578,53.9,52.0,50.9,69.8,68.6,63.4,64.0,62.3,62.4,60.8,62.3,44.7,43.3,55.9,53.0,55.8,31.0,38.0,26.6,36.0,46.9,29.3,24.2,27.0,23.1,40.8,27.2,47.4,32.6,46.6,25.4,20.7,33.1,22.0,32.9,20.8,40.4,45.2,21.2,45.3,49.1,50.8,28.3,32.4,51.2,30.8,50.7,0,0.119,0.241,0.299,0.247,0.011,0.188,0.087,0.112,0.126,0.253
1772972645.6203,61.3,61.5,59.2,84.5,82.9,77.5,78.0,75.0,75.0,67.1,67.6,46.7,46.3,64.5,60.4,63.1,54.8,37.2,45.5,40.2,32.4,36.3,34.2,34.0,47.8,48.6,46.9,51.8,58.5,46.6,50.1,40.9,53.7,35.1,35.5,42.6,38.8,30.0,43.5,42.8,50.0,41.0,44.3,46.6,37.2,40.3,58.6,0,0.089,0.142,0.053,0.166,0.263,0.089,0.09,0.254,0.037,0.298
1772972645.6828,49.8,46.3,44.9,66.1,69.4,61.7,62.0,59.2,60.4,52.8,53.7,37.3,35.8,50.3,48.9,48.8,32.7,38.3,21.1,16.3,22.4,19.2,22.9,35.4,36.3,37.7,33.0,38.7,42.1,41.2,43.4,36.4,39.8,45.7,24.4,20.2,30.3,17.8,38.5,42.9,26.1,33.6,24.9,37.3,19.0,39.6,42.1,1,0.178,0.046,0.054,0.007,0.231,0.077,0.288,0.231,0.069,0.19
1772972645.7453,47.4,46.2,44.6,62.3,61.7,55.0,56.2,52.9,52.7,51.8,52.9,39.1,37.5,50.1,47.0,48.2,31.2,42.4,38.4,25.0,40.2,21.0,26.0,41.3,40.3,35.9,18.6,26.6,46.4,42.9,17.3,25.2,17.9,34.5,36.0,22.5,36.7,15.0,31.8,23.7,20.9,34.7,37.6,43.9,27.4,28.6,43.4,1,0.214,0.017,0.209,0.119,0.178,0.066,0.22,0.172,0.27,0.166
1772972645.8078,62.6,61.5,59.6,79.1,82.2,76.1,76.2,73.4,74.0,65.9,66.3,52.9,51.3,65.5,62.8,62.8,59.1,48.3,40.1,30.8,47.6,45.2,61.1,54.4,45.5,29.5,48.1,38.6,42.1,31.7,50.4,52.0,51.6,39.9,48.9,34.4,34.0,50.8,33.1,35.2,51.4,40.3,31.0,52.3,32.8,32.8,59.5,0,0.152,0.054,0.187,0.298,0.211,0.131,0.239,0.06,0.069,0.18
1772972645.8703,53.3,52.0,49.1,67.9,70.2,64.6,66.0,63.4,62.5,58.7,58.8,43.7,42.0,53.8,50.3,53.9,51.6,23.0,19.0,48.1,46.5,20.4,44.2,28.2,44.7,29.4,32.4,38.1,40.2,30.7,44.4,25.7,42.8,38.0,40.6,20.3,27.5,43.1,32.4,47.7,48.8,24.5,28.7,35.5,21.8,17.6,46.9,0,0.16,0.15,0.2,0.2,0.212,0.157,0.28,0.196,0.223,0.299
1772972645.9328,45.0,43.1,40.5,59.8,61.7,56.3,58.2,54.7,54.2,50.4,50.9,28.8,28.0,45.6,43.7,45.5,22.3,9.8,16.2,22.7,18.9,35.7,18.1,22.2,23.2,34.0,33.8,24.9,29.7,24.6,13.0,30.8,34.3,19.0,36.5,38.4,29.1,14.6,29.6,32.0,33.5,32.0,27.2,16.7,29.1,14.6,37.5,1,0.197,0.015,0.0,0.11,0.121,0.2,0.26,0.189,0.154,0.129
1772972645.9953,61.7,61.1,59.3,78.7,80.6,73.4,74.0,71.2,71.9,64.5,66.4,48.2,48.1,62.9,62.9,61.9,31.9,35.0,29.3,33.1,40.6,56.2,41.8,54.0,31.9,53.6,43.4,48.9,49.5,49.8,37.0,41.1,31.5,28.7,55.7,38.2,37.9,47.8,54.4,52.4,39.5,48.6,37.6,52.3,53.7,34.5,58.1,0,0.196,0.172,0.149,0.266,0.295,0.05,0.185,0.193,0.114,0.033
1772972646.0578,63.6,62.3,59.9,77.0,79.0,72.6,73.1,70.5,69.6,66.1,66.1,51.0,50.8,64.3,63.3,63.0,39.8,35.1,41.6,61.3,52.7,49.1,32.8,57.3,44.1,40.8,42.9,34.1,60.4,43.6,45.3,45.7,32.1,33.5,56.2,53.0,36.9,38.8,37.2,47.1,39.7,41.2,47.1,43.6,49.4,45.2,58.3,0,0.031,0.043,0.219,0.196,0.273,0.001,0.27,0.12,0.201,0.138
1772972646.1203,47.8,45.5,43.5,61.9,61.6,58.2,59.1,56.5,55.3,50.0,50.5,38.2,37.6,48.8,46.6,46.8,15.5,15.4,33.6,17.0,17.1,31.0,37.7,29.1,23.2,35.9,28.8,19.9,27.6,33.3,20.5,27.3,35.6,41.6,25.0,33.2,26.2,41.3,20.0,21.3,32.1,22.2,16.2,37.1,26.3,27.8,41.1,1,0.085,0.259,0.123,0.063,0.246,0.264,0.014,0.296,0.024,0.043
1772972646.1828,55.6,54.5,53.0,77.3,76.4,72.0,72.9,70.3,69.9,62.2,63.3,42.0,40.8,58.8,54.8,57.6,25.7,37.4,41.8,51.0,41.4,28.8,43.0,48.6,28.5,22.2,32.4,30.8,47.4,42.9,27.0,35.2,28.9,45.8,38.9,35.9,39.2,50.3,36.2,50.5,37.1,36.5,31.7,37.4,49.0,45.5,51.1,0,0.028,0.169,0.225,0.034,0.222,0.056,0.222,0.073,0.094,0.105
1772972646.2453,59.7,56.2,55.1,77.5,74.1,69.8,71.5,67.2,67.7,64.3,65.9,40.2,39.4,60.8,57.9,59.7,45.4,45.9,28.5,38.5,52.6,48.9,31.1,35.7,51.5,52.8,32.7,30.9,38.2,48.5,41.2,45.2,30.0,53.6,29.1,29.3,28.9,35.9,48.2,44.5,37.0,44.8,56.5,53.9,46.3,39.7,52.5,0,0.05,0.204,0.158,0.17,0.175,0.163,0.046,0.17,0.099,0.067
1772972646.3078,48.2,47.3,44.9,70.8,70.9,63.4,64.2,61.4,60.4,51.8,52.0,36.6,36.1,48.2,48.4,48.3,21.5,23.9,41.7,16.3,30.7,38.3,45.1,43.6,34.8,29.1,18.2,44.9,43.7,45.4,37.0,41.4,38.6,15.7,44.8,16.5,19.0,35.5,25.9,22.4,39.4,19.5,42.0,18.9,23.5,30.7,44.0,0,0.11,0.177,0.216,0.077,0.257,0.109,0.166,0.05,0.119,0.285
1772972646.3703,60.7,59.9,57.9,81.9,84.3,77.0,77.4,75.9,74.8,66.8,67.4,45.4,43.5,62.2,59.7,62.3,41.6,39.4,42.1,51.9,43.0,36.8,39.4,49.9,50.3,36.2,26.3,45.3,34.7,43.7,56.2,43.4,30.5,39.1,48.7,36.6,37.7,38.7,44.7,28.8,37.9,44.8,32.8,34.0,33.4,28.6,56.5,0,0.043,0.067,0.231,0.267,0.299,0.044,0.15,0.046,0.229,0.05
1772972646.4328,61.4,61.7,58.7,79.9,78.9,72.2,72.4,71.0,70.9,67.6,69.5,53.3,52.7,63.3,60.6,63.1,36.9,28.5,56.2,48.7,52.5,38.5,42.5,55.3,54.3,46.1,41.4,38.9,49.3,37.6,40.2,57.5,43.5,35.6,32.8,37.6,31.3,51.0,51.9,35.5,35.9,49.3,37.6,53.7,48.5,35.3,58.3,0,0.103,0.298,0.148,0.006,0.252,0.204,0.134,0.17,0.022,0.249
1772972646.4953,58.0,58.0,55.6,72.4,73.9,67.9,69.3,66.1,65.2,61.6,62.3,50.4,49.4,58.7,58.3,58.6,48.9,43.1,27.0,30.8,50.3,42.0,44.3,25.8,49.8,48.2,49.8,35.6,52.7,47.2,49.3,28.5,47.3,55.4,54.0,34.1,36.7,56.2,46.3,24.7,47.5,41.6,38.0,30.0,43.7,41.7,54.6,0,0.053,0.245,0.274,0.162,0.118,0.217,0.249,0.124,0.105,0.157
1772972646.5578,64.3,62.8,59.9,84.6,83.8,77.1,77.2,75.4,75.3,69.3,70.0,51.9,51.5,65.5,62.1,64.6,57.1,41.6,54.4,48.7,54.0,44.1,32.4,41.5,43.1,38.1,48.5,55.7,36.3,47.1,56.7,32.6,41.7,38.9,48.0,57.5,58.1,48.2,54.1,35.6,40.0,46.8,31.0,37.6,30.7,50.3,57.8,0,0.013,0.129,0.077,0.085,0.186,0.076,0.143,0.211,0.157,0.267
1772972646.6203,55.5,54.1,52.0,75.2,76.2,71.8,73.5,69.8,70.6,58.4,59.8,46.3,44.5,55.6,53.9,55.2,27.5,34.9,23.7,48.4,36.3,37.3,39.6,38.6,35.8,33.2,39.6,33.6,36.3,43.7,28.6,38.7,47.6,29.9,30.6,42.6,28.9,24.9,44.5,44.4,24.4,26.5,23.8,37.9,29.4,50.4,51.6,0,0.054,0.298,0.099,0.116,0.219,0.164,0.031,0.01,0.075,0.058
1772972646.6828,61.8,59.9,58.7,75.3,75.6,68.8,68.9,66.3,66.5,66.0,66.3,45.9,44.4,62.7,62.3,62.4,34.0,52.4,55.7,28.7,37.1,52.5,40.5,51.3,28.8,58.5,29.0,53.6,53.5,59.8,39.6,41.6,53.5,31.1,55.8,32.9,54.5,31.7,46.5,44.0,35.9,42.3,39.6,57.9,45.5,47.0,56.6,0,0.224,0.282,0.188,0.297,0.208,0.219,0.019,0.266,0.221,0.014
1772972646.7453,51.8,51.8,49.5,63.7,66.6,60.6,62.2,58.7,59.6,57.5,57.7,38.6,38.0,53.1,51.0,53.5,35.5,18.5,27.7,42.7,20.6,26.5,33.3,23.9,43.4,51.7,35.7,33.6,39.2,30.6,38.3,24.8,43.6,24.3,46.0,31.7,25.6,26.3,46.2,45.3,42.2,47.4,31.5,25.7,49.9,22.3,48.7,0,0.25,0.21,0.215,0.065,0.244,0.066,0.212,0.141,0.101,0.051
1772972646.8078,46.3,44.2,41.7,62.3,66.1,58.6,60.4,56.5,56.8,50.3,50.9,33.9,32.4,46.6,43.7,46.0,30.0,35.0,29.1,32.0,33.8,36.9,30.4,26.4,37.7,36.5,16.1,34.5,25.6,23.5,11.2,22.9,33.8,40.5,18.2,39.2,23.6,28.5,37.9,18.0,29.9,13.7,20.3,17.0,37.2,24.6,40.1,0,0.029,0.019,0.232,0.258,0.173,0.287,0.203,0.132,0.093,0.087
1772972646.8703,47.9,45.3,43.9,61.1,59.2,56.2,56.3,54.5,53.8,51.7,53.6,33.2,31.5,48.5,47.4,47.8,23.9,35.8,34.6,42.3,24.2,36.8,30.5,35.6,39.2,26.4,40.4,23.2,22.4,27.5,27.6,29.5,22.6,34.9,34.0,21.8,26.1,38.5,25.7,24.3,38.4,37.5,19.1,22.3,44.8,36.6,41.4,0,0.031,0.16,0.086,0.206,0.242,0.007,0.188,0.232,0.085,0.054
1772972646.9328,54.7,54.9,52.7,69.4,68.1,63.5,64.7,61.0,60.6,61.9,62.7,43.7,43.2,56.9,53.7,57.3,26.1,32.8,45.6,36.0,26.3,53.1,40.2,50.0,30.6,39.6,47.4,50.4,47.1,48.2,45.5,37.4,42.8,51.5,43.6,39.9,32.1,21.9,35.1,45.2,29.5,33.5,45.4,52.6,50.9,30.1,50.1,0,0.288,0.119,0.215,0.295,0.159,0.23,0.26,0.053,0.203,0.102
1772972646.9953,61.2,60.6,58.7,83.1,78.9,75.8,76.7,74.4,72.9,66.6,66.7,52.4,51.1,61.9,61.9,62.6,52.5,48.9,50.5,50.8,47.2,39.4,44.2,42.3,39.8,41.4,47.4,51.2,31.6,45.0,32.3,30.7,43.9,34.4,36.7,51.5,38.7,53.9,44.0,50.9,34.1,39.1,51.3,52.3,40.4,57.6,58.3,0,0.264,0.244,0.15,0.116,0.12,0.149,0.029,0.231,0.01,0.119
1772972647.0578,57.8,56.9,54.0,75.0,75.1,67.3,68.8,65.8,64.3,60.0,61.7,46.4,45.3,58.3,56.3,57.0,55.7,43.7,36.5,30.1,51.0,39.0,35.9,31.1,41.8,26.1,40.6,36.3,29.2,46.9,34.8,47.5,26.5,32.0,49.3,30.4,48.6,50.6,34.3,46.9,44.6,27.5,52.2,47.6,28.5,40.7,51.8,0,0.147,0.05,0.072,0.016,0.063,0.239,0.058,0.151,0.216,0.16
1772972647.1203,62.9,60.9,59.1,77.5,77.4,70.3,70.9,68.6,69.2,65.6,66.8,48.4,47.6,65.0,62.2,62.3,35.8,58.0,44.4,30.8,37.7,50.9,34.1,38.1,60.6,42.2,40.3,32.2,57.6,48.3,40.4,50.3,32.3,36.0,50.1,57.3,46.9,58.7,51.9,55.9,33.7,47.7,53.8,39.3,40.0,33.9,57.6,0,0.085,0.184,0.15,0.182,0.254,0.195,0.245,0.139,0.046,0.253
1772972647.1828,61.9,58.5,57.2,76.3,76.1,70.1,70.3,67.9,68.5,63.8,65.3,50.1,49.5,62.9,58.5,60.5,33.7,49.1,51.7,38.2,41.2,49.4,56.8,41.4,27.7,28.5,38.2,41.3,29.4,55.9,39.6,32.3,40.3,28.4,43.9,55.6,30.0,55.0,54.3,56.9,37.9,52.3,34.9,38.3,27.9,50.3,55.6,0,0.058,0.287,0.254,0.163,0.182,0.24,0.001,0.077,0.127,0.246
1772972647.2453,51.4,50.9,48.1,70.0,72.0,66.3,67.8,64.4,64.8,56.6,57.7,38.2,37.5,51.8,51.5,52.4,24.7,35.6,35.7,27.1,18.5,48.1,38.4,44.6,42.2,39.3,37.8,39.7,41.6,22.8,20.0,38.0,28.3,42.2,35.3,42.8,40.0,30.6,20.5,24.7,34.5,47.5,43.9,48.8,42.6,43.8,47.5,0,0.139,0.218,0.031,0.039,0.28,0.289,0.251,0.224,0.12,0.069
1772972647.3078,46.5,45.2,43.7,64.4,65.0,58.1,59.5,55.1,56.9,52.6,53.9,34.4,33.4,47.5,47.3,48.2,33.1,23.0,31.3,34.0,26.2,15.3,22.0,30.9,37.1,22.6,37.5,36.4,15.4,38.0,22.6,25.6,33.2,25.2,28.4,34.9,23.0,28.7,24.0,15.1,37.3,41.7,36.1,19.2,22.0,43.2,43.6,0,0.216,0.065,0.172,0.252,0.046,0.165,0.291,0.159,0.018,0.242
1772972647.3703,62.2,61.4,58.5,74.8,78.0,70.1,71.5,68.7,67.9,65.1,66.8,47.2,46.3,62.7,60.3,61.8,28.6,39.0,50.6,30.3,26.1,38.5,36.1,44.1,30.6,35.1,48.7,43.1,30.1,56.8,42.3,36.1,48.5,39.9,31.1,51.5,43.1,33.3,30.8,50.0,60.1,46.2,38.1,56.1,34.0,56.1,55.6,0,0.041,0.019,0.125,0.141,0.244,0.036,0.172,0.162,0.24,0.063
1772972647.4328,61.3,60.6,58.8,82.4,82.0,75.2,76.4,73.6,73.9,67.7,68.3,51.3,51.2,63.6,62.2,63.2,51.3,43.4,52.6,55.7,31.3,55.9,55.9,50.6,55.2,46.9,49.6,60.6,54.9,38.6,39.1,51.0,57.9,40.9,53.7,45.0,27.5,35.8,55.6,51.9,31.9,28.9,54.9,35.9,37.3,44.6,56.0,0,0.076,0.042,0.294,0.064,0.058,0.067,0.177,0.296,0.114,0.19
1772972647.4953,53.7,52.2,50.3,67.7,72.3,64.5,65.1,61.7,62.1,58.6,58.7,36.8,35.8,53.5,51.7,54.5,26.0,38.4,21.0,31.6,30.8,30.9,43.3,22.7,20.6,39.7,27.3,24.5,32.0,26.7,37.8,51.7,19.8,32.3,25.1,47.8,46.0,20.5,42.6,21.7,41.9,38.7,33.5,21.2,24.5,37.3,48.2,0,0.203,0.141,0.09,0.197,0.012,0.043,0.26,0.214,0.072,0.136
1772972647.5578,44.7,42.4,40.8,61.5,62.2,55.4,55.9,52.7,52.8,48.1,49.0,29.3,29.2,45.4,41.8,44.5,15.8,32.1,42.2,13.9,18.0,17.7,34.2,37.4,35.9,42.8,28.5,17.4,20.9,23.9,26.4,32.0,16.7,23.9,29.0,15.5,18.2,37.1,13.2,26.3,40.1,24.7,12.4,20.0,34.6,32.1,38.3,0,0.106,0.112,0.041,0.256,0.036,0.251,0.09,0.198,0.129,0.042
1772972647.6203,62.0,60.9,58.3,82.2,81.9,75.4,75.8,72.9,73.0,66.4,67.2,52.6,52.1,62.8,59.8,62.4,30.8,48.6,51.8,42.9,40.7,42.4,33.0,27.5,49.3,47.2,48.6,33.5,34.2,44.6,35.8,38.1,49.6,30.5,33.5,44.1,54.2,42.0,37.0,38.8,54.2,32.1,53.3,53.0,32.7,31.9,58.1,0,0.183,0.181,0.183,0.242,0.248,0.142,0.137,0.231,0.1,0.212
1772972647.6828,47.0,44.8,42.5,65.5,64.0,59.9,61.5,57.1,58.6,49.2,50.3,37.0,36.7,47.5,44.8,45.9,30.0,40.4,19.0,33.1,29.1,30.4,37.7,13.2,29.1,29.7,20.5,34.5,39.7,40.2,18.0,36.8,41.1,14.3,27.1,21.2,28.0,37.7,15.5,19.0,34.1,15.1,18.6,42.4,38.7,39.3,42.3,0,0.264,0.076,0.11,0.131,0.046,0.077,0.247,0.163,0.194,0.064
1772972647.7453,58.1,57.7,55.3,70.0,72.6,66.9,68.7,64.3,64.8,62.9,64.8,40.4,39.0,58.4,59.1,59.1,37.2,36.6,45.8,30.9,54.2,53.7,36.4,39.7,45.5,40.5,47.7,28.3,32.4,46.1,38.3,35.8,36.6,55.7,39.2,49.4,46.4,43.5,34.8,39.9,49.0,26.5,52.6,48.3,46.0,52.6,52.8,0,0.091,0.198,0.229,0.247,0.282,0.183,0.147,0.011,0.094,0.076
1772972647.8078,49.3,48.0,46.2,72.7,70.3,66.0,67.9,63.6,65.0,54.5,55.1,40.6,38.6,52.0,49.1,50.4,36.5,45.5,20.8,28.1,34.1,16.0,34.0,37.1,34.8,28.6,41.0,35.6,27.7,16.0,43.2,30.8,22.7,31.2,27.4,15.6,39.1,37.8,19.0,32.5,15.7,35.9,37.0,38.8,36.2,23.0,45.5,0,0.294,0.292,0.249,0.235,0.245,0.037,0.277,0.294,0.065,0.058
1772972647.8703,60.0,59.4,57.7,79.0,77.2,73.0,73.7,70.6,70.6,65.6,66.2,42.8,40.9,60.8,61.2,61.6,32.1,35.1,56.4,30.3,30.9,31.2,31.4,49.4,34.7,45.3,47.3,54.4,41.1,53.3,26.5,35.4,32.9,38.0,32.4,30.6,30.7,25.9,43.5,37.8,50.8,38.9,45.4,31.2,57.1,42.8,57.3,0,0.031,0.142,0.265,0.149,0.292,0.035,0.209,0.073,0.055,0.225
1772972647.9328,46.3,45.2,42.4,58.5,61.8,54.4,56.2,51.6,52.3,52.3,53.2,36.6,36.2,46.7,44.1,47.3,39.3,30.2,24.8,24.9,14.9,17.6,36.5,35.5,20.2,28.3,37.2,29.1,13.9,38.7,19.8,32.4,23.3,41.6,20.3,36.5,33.1,41.9,19.8,23.2,32.1,11.5,22.6,19.9,36.5,13.8,40.9,0,0.009,0.089,0.093,0.164,0.05,0.083,0.087,0.28,0.07,0.221
1772972647.9953,55.3,53.9,52.4,73.2,76.6,68.9,69.5,66.2,66.4,57.9,58.9,42.9,42.2,57.9,55.1,55.1,40.8,48.9,27.5,35.7,30.5,33.0,50.4,47.7,38.5,32.0,40.7,30.0,34.3,30.6,32.8,29.9,38.7,25.0,32.0,36.7,49.1,43.5,45.4,33.0,26.3,31.7,36.8,29.0,45.6,44.4,51.2,0,0.285,0.066,0.168,0.034,0.161,0.049,0.25,0.008,0.185,0.283
1772972648.0578,62.4,59.7,57.6,79.0,75.5,71.2,72.1,69.0,68.8,65.8,65.9,42.9,42.8,61.7,60.8,61.7,50.0,31.6,42.2,56.9,36.4,53.5,57.4,44.3,39.5,57.6,35.9,35.1,41.0,46.6,44.4,46.1,52.8,43.6,45.9,30.7,37.1,34.0,33.7,53.6,45.3,32.0,43.4,47.6,31.5,41.0,57.1,0,0.204,0.103,0.269,0.283,0.202,0.162,0.29,0.036,0.163,0.223
1772972648.1203,44.4,44.1,41.6,64.9,67.5,60.0,61.1,57.7,58.4,50.3,51.2,27.5,27.3,45.7,44.3,46.0,15.0,11.1,11.8,31.2,22.4,35.9,39.6,32.5,34.6,29.1,16.7,17.0,27.1,16.6,16.5,14.6,24.8,37.6,29.9,27.5,16.6,15.8,39.2,19.0,20.4,37.2,38.1,38.7,15.1,27.5,38.7,0,0.126,0.264,0.015,0.275,0.205,0.028,0.247,0.241,0.053,0.096
1772972648.1828,47.0,45.1,42.5,62.3,65.7,57.9,58.8,56.4,56.4,51.0,51.6,29.3,29.2,47.0,43.8,46.8,14.6,22.1,28.3,30.1,26.3,33.3,20.8,28.7,30.2,21.5,38.6,31.1,19.5,30.4,16.8,28.3,10.9,39.9,28.4,21.3,14.6,43.6,16.1,36.0,41.6,14.9,30.3,32.9,12.0,22.0,42.4,0,0.069,0.044,0.079,0.014,0.218,0.085,0.163,0.054,0.099,0.095
1772972648.2453,55.8,54.4,51.5,76.8,76.6,70.8,72.7,69.2,68.7,58.0,58.6,44.1,42.4,56.8,55.5,54.8,36.2,36.4,30.9,42.9,34.6,20.4,40.1,25.6,50.7,52.9,27.3,34.2,52.3,42.3,23.2,27.5,26.1,22.6,23.7,54.0,33.5,29.0,42.4,45.3,40.5,27.6,42.3,48.0,22.6,46.6,50.1,0,0.218,0.142,0.253,0.114,0.067,0.159,0.159,0.064,0.255,0.047
1772972648.3078,43.4,42.6,40.4,60.3,61.9,56.7,57.8,55.2,55.0,48.8,49.1,27.1,26.4,43.6,41.4,44.6,32.9,33.9,36.4,31.7,31.4,32.7,32.2,40.2,32.4,14.0,37.5,15.3,31.4,20.8,14.8,12.4,33.8,11.4,25.0,21.6,37.4,24.3,19.8,18.9,40.8,31.2,24.0,31.7,15.4,36.3,40.0,0,0.038,0.279,0.129,0.046,0.07,0.159,0.284,0.273,0.211,0.002
1772972648.3703,53.9,53.9,51.8,76.7,78.2,70.9,71.6,69.3,68.8,56.9,57.3,40.4,40.0,57.1,53.4,54.3,40.1,23.8,36.1,46.5,45.2,26.4,45.3,33.6,40.8,45.3,34.3,44.5,30.2,22.1,52.2,47.1,21.7,30.9,27.3,30.0,31.7,44.4,40.5,49.9,28.6,29.6,41.8,32.8,32.5,44.5,49.6,0,0.048,0.104,0.217,0.045,0.275,0.083,0.254,0.297,0.241,0.13
1772972648.4328,46.2,43.8,42.3,56.8,55.6,52.5,53.8,51.5,49.6,49.6,51.2,32.0,31.6,47.9,45.7,46.0,29.0,35.2,18.3,28.5,33.6,14.8,19.9,28.2,21.7,23.7,29.7,31.2,12.8,38.3,19.4,40.3,35.7,37.8,43.4,27.1,34.7,19.9,27.2,32.1,29.3,39.5,37.1,29.3,27.1,25.0,40.6,1,0.219,0.045,0.133,0.074,0.146,0.15,0.229,0.212,0.154,0.225
1772972648.4953,51.4,50.3,48.9,67.3,63.9,60.0,61.4,58.4,58.7,54.0,55.0,38.2,36.6,53.5,50.7,51.5,24.6,28.6,25.4,36.5,39.3,38.9,27.3,37.6,29.5,46.0,32.6,40.6,47.9,20.9,21.6,34.8,37.5,40.1,21.0,26.5,45.4,24.9,37.8,31.3,47.3,45.5,30.9,40.8,36.6,32.1,46.8,0,0.21,0.134,0.08,0.268,0.234,0.081,0.176,0.077,0.116,0.044
1772972648.5578,45.9,46.2,43.8,64.6,65.6,58.4,59.1,57.4,56.1,52.0,53.4,32.5,32.1,47.3,47.3,47.9,18.9,29.2,36.0,27.7,39.1,26.3,25.4,14.9,16.4,44.2,21.3,16.6,41.4,18.6,37.1,15.3,40.2,43.0,38.4,35.5,37.5,22.1,25.7,14.5,14.7,35.1,16.7,36.3,12.8,22.7,42.8,0,0.082,0.238,0.022,0.237,0.283,0.108,0.276,0.227,0.141,0.147
1772972648.6203,44.7,44.5,41.9,65.7,65.0,60.4,61.1,58.0,58.1,49.4,50.1,35.7,35.4,47.1,44.1,45.6,36.9,33.0,38.6,23.3,20.0,18.1,15.1,17.3,23.9,26.3,21.2,33.5,39.3,35.3,22.7,37.5,39.4,30.6,29.5,36.4,36.6,34.4,14.9,38.8,40.8,22.6,28.3,33.7,37.6,40.6,41.2,0,0.005,0.146,0.054,0.151,0.145,0.161,0.148,0.298,0.243,0.272
1772972648.6828,52.0,50.3,48.2,68.8,68.8,61.4,61.9,60.3,59.2,56.7,57.7,34.4,33.9,52.6,51.8,52.5,28.5,19.1,35.2,18.6,20.7,39.5,37.8,37.9,49.0,33.2,24.0,31.6,35.3,34.3,25.7,42.9,47.7,32.6,32.2,32.3,37.2,27.0,27.8,26.5,44.9,25.6,21.6,44.6,37.1,23.0,45.7,0,0.096,0.192,0.124,0.048,0.263,0.12,0.094,0.294,0.098,0.113
1772972648.7453,59.6,59.5,57.2,80.1,80.2,72.5,73.6,70.1,69.6,64.4,65.0,45.0,43.2,63.0,59.1,60.8,53.8,33.4,27.3,38.9,38.2,42.0,53.0,34.1,39.5,38.0,36.2,32.4,41.0,35.3,45.4,39.3,35.6,40.7,34.3,41.9,43.1,30.1,29.9,35.0,39.2,45.2,50.6,43.8,48.8,50.4,55.0,0,0.135,0.261,0.243,0.174,0.024,0.01,0.276,0.226,0.132,0.086
1772972648.8078,54.2,51.5,50.4,67.9,66.3,60.6,60.8,58.8,58.8,56.9,57.6,44.4,43.9,55.5,51.4,53.6,38.2,45.3,49.9,35.8,25.6,31.4,46.9,31.0,41.2,24.8,38.5,24.0,40.4,21.6,39.1,43.2,47.0,35.4,31.7,29.1,37.6,32.8,34.0,42.4,33.7,41.9,37.9,43.3,37.5,21.3,48.5,0,0.285,0.108,0.107,0.054,0.266,0.026,0.117,0.058,0.134,0.026
1772972648.8703,59.2,56.9,55.7,77.6,76.6,71.7,72.6,69.9,70.1,62.6,63.1,49.5,48.6,59.0,58.9,59.2,42.9,27.7,30.7,51.4,48.8,36.0,49.7,50.6,42.6,52.6,36.2,32.6,42.5,41.6,39.1,28.3,55.7,32.6,36.7,49.1,52.7,47.0,38.7,32.9,34.0,42.4,47.1,34.3,42.3,33.3,55.3,1,0.098,0.015,0.09,0.01,0.284,0.0,0.008,0.159,0.167,0.191
1772972648.9328,54.5,52.0,50.2,72.7,72.2,66.6,66.9,63.9,64.2,56.7,56.9,38.0,36.6,54.0,51.3,53.5,36.1,39.2,33.3,23.4,34.0,36.9,28.7,32.2,33.1,30.3,38.6,24.8,27.6,32.4,23.2,34.1,34.4,43.9,21.1,44.2,26.5,47.6,27.1,48.6,18.1,29.5,28.5,35.9,30.5,45.4,48.4,0,0.23,0.257,0.157,0.023,0.052,0.109,0.252,0.165,0.119,0.258
1772972648.9953,50.8,48.6,47.2,62.9,61.2,57.5,57.5,54.8,55.2,56.5,56.8,36.1,35.1,50.4,48.4,51.9,33.3,27.4,45.8,47.2,30.9,34.8,38.3,38.5,24.1,34.7,34.7,43.5,45.1,26.1,35.4,20.5,39.1,30.0,38.0,32.3,45.9,17.7,27.7,41.7,29.3,24.0,22.3,41.5,47.3,16.7,46.9,0,0.28,0.058,0.015,0.245,0.296,0.209,0.202,0.001,0.174,0.261
1772972649.0578,56.7,55.4,52.8,66.3,67.7,62.8,63.5,60.2,60.8,58.0,59.2,47.2,46.7,55.9,56.5,55.4,35.6,44.7,40.2,34.9,39.9,21.3,35.2,20.9,44.0,39.1,45.3,46.4,36.5,26.7,41.0,34.0,30.0,42.2,35.4,36.6,29.4,44.8,29.9,42.4,24.1,49.5,41.8,48.9,29.9,20.9,51.1,0,0.034,0.203,0.178,0.201,0.124,0.003,0.07,0.208,0.062,0.223
1772972649.1203,57.2,54.8,53.4,77.5,77.0,69.6,70.9,68.3,67.0,62.1,62.1,38.4,38.0,58.7,54.4,57.8,46.2,39.1,47.4,30.5,40.5,52.0,46.9,52.3,55.0,32.0,34.2,39.6,45.0,50.2,49.1,53.4,50.5,39.0,34.9,52.5,51.5,27.6,41.7,43.1,46.6,42.5,45.0,46.7,31.9,41.5,52.5,0,0.07,0.133,0.287,0.292,0.073,0.188,0.033,0.093,0.015,0.181
1772972649.1828,49.1,46.7,44.1,62.6,59.0,55.6,57.3,53.4,53.7,51.4,52.3,38.4,38.1,49.8,45.4,47.8,22.9,17.4,41.0,37.7,44.3,35.6,26.4,30.0,36.5,42.0,36.4,17.8,17.8,29.8,24.6,39.3,34.0,35.5,31.5,27.2,41.5,14.7,33.7,41.3,26.2,31.0,15.8,15.1,25.1,26.4,43.4,1,0.255,0.19,0.19,0.21,0.195,0.22,0.269,0.008,0.226,0.001
1772972649.2453,42.7,42.2,40.1,59.5,57.2,53.1,54.1,50.6,50.7,49.0,49.2,32.7,31.0,45.4,41.5,44.5,19.6,13.7,39.8,30.0,12.2,37.7,27.8,14.9,36.5,23.3,20.2,23.3,22.5,14.5,21.4,17.5,19.3,17.9,13.3,32.8,29.1,17.8,32.3,13.3,25.9,28.5,22.0,37.3,19.8,24.4,37.2,1,0.03,0.203,0.243,0.297,0.038,0.278,0.065,0.168,0.109,0.134
1772972649.3078,43.6,44.2,41.2,67.3,67.0,60.3,61.7,59.2,58.6,48.0,49.6,36.2,35.2,47.0,43.9,44.6,14.9,27.8,35.9,13.7,43.9,32.6,14.4,37.4,14.1,16.0,16.2,27.6,27.0,18.8,14.0,27.6,23.0,30.2,21.5,22.7,25.9,12.4,37.3,14.0,23.1,23.7,14.8,28.4,18.3,27.9,41.1,0,0.271,0.111,0.055,0.238,0.272,0.241,0.057,0.006,0.229,0.035
1772972649.3703,58.3,57.2,56.2,73.7,75.9,68.2,69.0,66.2,67.1,61.5,62.1,43.5,43.4,61.4,57.4,58.9,57.3,47.7,26.1,28.6,27.1,39.5,36.8,57.6,37.3,52.3,43.8,43.8,39.1,28.5,47.3,49.3,43.6,53.8,47.3,41.2,36.6,45.3,56.2,46.4,40.6,25.1,42.7,48.9,31.4,48.5,53.5,0,0.134,0.109,0.105,0.122,0.046,0.097,0.031,0.0,0.129,0.224
1772972649.4328,61.2,58.8,56.4,79.3,80.2,73.1,73.3,72.0,71.3,61.8,62.3,48.5,47.4,60.1,60.3,59.1,37.6,27.1,35.3,41.3,41.7,37.5,57.0,49.4,33.5,56.1,41.1,44.6,53.6,40.3,33.6,47.2,53.1,34.6,48.3,36.1,53.2,49.4,47.8,53.6,49.7,26.6,46.0,43.4,46.3,39.0,55.8,1,0.04,0.282,0.168,0.157,0.009,0.002,0.135,0.054,0.078,0.218
1772972649.4953,51.8,49.9,47.9,69.4,67.8,62.7,63.3,60.3,61.6,55.6,56.7,38.2,37.4,51.7,50.1,51.8,37.7,34.8,23.6,36.4,46.9,48.1,34.7,20.7,19.0,18.8,43.3,20.0,44.9,29.9,35.4,48.6,31.7,44.5,48.4,23.5,46.2,25.3,32.1,23.0,27.5,36.0,39.6,37.8,35.4,30.1,45.9,0,0.063,0.054,0.206,0.215,0.167,0.209,0.291,0.155,0.21,0.246
1772972649.5578,44.6,41.6,40.1,65.6,63.6,58.3,58.6,56.1,56.7,45.9,46.2,28.9,27.2,44.1,41.8,43.0,9.1,37.3,28.8,21.3,13.4,11.1,29.6,22.9,32.5,25.4,20.7,28.8,30.5,21.5,24.0,34.9,31.9,22.4,36.3,38.9,37.0,10.9,18.1,17.1,16.2,20.7,24.6,23.9,34.9,14.7,38.3,0,0.269,0.234,0.131,0.032,0.193,0.047,0.095,0.106,0.033,0.17
1772972649.6203,55.2,53.8,51.2,70.3,72.2,67.3,67.9,65.9,65.3,58.6,59.1,40.0,38.9,54.2,53.7,54.9,40.5,44.9,21.3,49.0,49.4,48.7,38.6,20.3,35.3,41.7,34.3,34.6,36.5,44.9,45.5,47.5,24.6,37.3,22.1,29.8,46.5,30.9,25.0,46.0,35.3,43.5,42.3,23.8,48.4,37.8,49.3,0,0.099,0.066,0.206,0.061,0.01,0.226,0.03,0.121,0.154,0.197
1772972649.6828,60.3,59.1,56.9,76.7,76.4,71.9,73.9,70.1,68.9,65.4,67.4,43.0,42.6,61.2,60.4,61.2,31.5,39.7,43.2,34.0,42.7,40.2,29.1,32.1,51.3,45.6,33.5,27.9,55.3,41.9,53.3,30.6,46.4,49.1,40.0,34.2,54.9,30.3,39.2,40.3,32.2,43.8,49.3,56.7,47.4,42.7,56.6,0,0.061,0.07,0.238,0.172,0.121,0.26,0.293,0.211,0.007,0.09
1772972649.7453,46.2,43.7,42.1,60.2,56.1,52.5,53.2,51.3,50.2,48.2,49.9,30.5,30.0,45.2,45.2,45.2,19.4,16.8,33.8,35.0,12.5,24.2,30.8,17.3,19.0,30.8,15.1,29.9,21.7,32.4,26.1,31.8,14.3,26.2,28.1,30.9,12.0,26.7,20.8,23.5,23.0,39.7,35.2,30.6,37.0,17.7,39.5,0,0.247,0.221,0.19,0.251,0.159,0.26,0.122,0.12,0.141,0.181
1772972649.8078,56.4,53.5,51.8,76.9,75.4,69.6,70.4,67.4,67.8,57.2,57.5,43.9,41.9,56.0,54.6,54.5,43.2,46.7,34.0,34.8,35.2,36.9,49.2,50.8,22.3,31.5,33.9,42.7,38.0,40.9,48.3,31.8,38.1,46.1,33.9,48.1,36.6,46.0,43.6,27.3,52.3,42.8,37.6,33.3,46.0,43.9,51.1,0,0.171,0.286,0.254,0.094,0.257,0.131,0.056,0.007,0.083,0.0
1772972649.8703,45.9,43.7,42.2,59.3,58.5,54.0,54.9,51.8,52.3,50.0,51.4,29.3,27.4,45.7,45.6,46.1,28.0,34.7,31.6,39.5,35.6,42.1,40.0,14.1,12.2,23.7,15.9,29.6,17.6,36.4,13.9,35.4,28.7,26.1,13.7,24.0,18.8,30.7,21.2,10.3,19.1,27.4,16.9,27.1,41.8,38.4,40.7,0,0.036,0.178,0.263,0.027,0.263,0.009,0.042,0.221,0.151,0.003
1772972649.9328,49.3,49.0,46.6,67.6,70.3,62.4,62.5,61.3,60.8,53.8,55.2,36.5,35.7,51.2,49.2,50.2,33.3,40.9,39.9,17.3,43.3,42.0,46.2,39.2,46.0,34.6,39.6,23.9,33.9,31.9,39.4,34.8,35.1,36.9,19.8,18.5,39.0,17.6,40.0,25.4,29.7,45.1,25.2,37.1,17.7,38.3,43.6,0,0.157,0.169,0.14,0.136,0.1,0.151,0.019,0.271,0.019,0.235
1772972649.9953,51.6,49.5,47.0,67.9,70.9,64.1,64.9,61.7,62.7,54.5,55.9,33.5,33.3,52.7,49.2,50.8,33.5,37.3,27.0,19.3,23.6,33.4,34.7,38.1,18.6,46.4,29.9,43.2,36.2,28.7,25.2,40.2,40.7,40.3,19.2,22.7,41.0,48.4,20.8,44.9,40.0,43.0,40.0,40.1,39.6,30.3,45.5,0,0.287,0.124,0.026,0.104,0.162,0.129,0.265,0.091,0.222,0.162
1772972650.0578,44.4,43.2,40.3,63.8,62.6,57.6,58.2,54.7,55.1,49.1,49.3,30.1,29.3,44.3,43.7,44.7,20.1,26.6,30.7,41.9,21.5,17.9,24.3,23.1,26.1,16.7,19.1,15.8,12.0,19.5,39.6,26.9,21.2,23.5,15.4,32.0,36.4,23.5,38.9,11.8,20.9,30.6,11.5,37.1,21.2,29.1,40.2,0,0.145,0.002,0.298,0.246,0.003,0.167,0.127,0.1,0.132,0.095
1772972650.1203,59.4,58.4,56.0,78.8,78.2,73.4,74.3,72.1,72.2,61.9,63.3,41.6,40.5,60.9,57.3,59.0,49.7,42.6,41.2,45.7,32.1,54.9,42.1,26.9,49.9,34.9,39.2,34.6,29.0,51.4,39.1,48.4,30.0,51.2,40.3,35.9,54.1,54.9,44.8,36.0,45.1,39.5,33.3,55.6,51.0,42.3,54.7,0,0.136,0.155,0.182,0.045,0.167,0.08,0.06,0.01,0.179,0.212
1772972650.1828,41.7,42.2,39.5,56.9,55.8,50.7,52.6,49.5,48.7,48.3,50.1,33.1,31.7,43.6,41.2,43.9,22.3,32.5,24.7,18.5,19.4,37.5,19.9,35.4,31.6,37.2,15.0,32.3,38.7,19.1,31.6,19.9,32.1,12.5,9.2,24.1,10.2,14.9,29.5,16.4,26.7,30.9,23.5,33.0,13.3,22.1,36.7,0,0.109,0.227,0.089,0.288,0.216,0.191,0.146,0.173,0.112,0.028
1772972650.2453,39.1,39.4,36.4,53.0,55.7,49.1,50.7,47.7,46.5,44.0,44.5,28.5,28.5,41.8,38.3,40.2,28.4,17.6,13.4,11.6,8.6,33.9,29.9,28.8,8.8,24.1,32.6,34.8,30.4,31.4,19.6,27.5,21.8,19.7,6.1,21.3,37.0,28.3,17.4,12.4,15.0,34.2,37.0,11.9,16.6,29.9,34.0,0,0.083,0.259,0.115,0.126,0.258,0.238,0.18,0.198,0.274,0.181
1772972650.3078,48.6,49.0,46.6,64.2,64.2,58.4,59.3,55.7,56.5,51.9,52.2,34.4,33.7,52.5,49.5,49.2,28.2,25.3,35.2,34.1,40.6,39.2,41.1,35.8,30.0,24.7,19.3,40.1,18.7,40.6,33.7,16.2,37.1,32.0,25.1,25.4,47.1,29.5,33.3,16.4,25.9,28.4,25.2,17.9,39.3,23.2,43.8,0,0.189,0.101,0.083,0.119,0.127,0.001,0.222,0.186,0.047,0.132
1772972650.3703,57.8,58.4,55.4,74.0,70.4,66.6,67.8,64.2,63.7,62.1,62.4,42.9,41.6,60.7,59.1,58.8,29.4,32.9,44.8,47.5,51.9,28.0,47.0,28.6,32.4,37.7,33.6,37.2,29.1,43.8,49.6,30.7,33.5,38.3,37.4,29.1,34.7,30.1,35.4,33.6,39.7,54.9,52.5,27.6,56.7,43.9,55.3,0,0.191,0.243,0.13,0.086,0.259,0.29,0.095,0.262,0.161,0.268
1772972650.4328,55.0,54.6,52.5,71.3,70.7,65.0,67.0,62.0,63.3,62.0,62.8,42.3,41.5,57.7,54.7,57.2,35.5,33.9,36.3,23.7,45.4,47.7,24.6,26.5,45.7,37.4,48.6,38.3,37.8,39.6,22.3,42.4,29.6,25.5,31.4,44.8,52.0,51.2,32.0,38.2,21.6,42.4,25.5,38.0,34.7,33.2,51.6,0,0.289,0.252,0.092,0.197,0.006,0.031,0.101,0.199,0.061,0.106
1772972650.4953,46.5,46.7,43.8,61.4,59.5,55.1,56.2,54.0,53.2,49.1,50.1,33.3,32.0,47.9,44.8,46.5,19.2,19.0,40.6,29.1,26.6,36.2,26.3,34.1,28.3,38.2,28.6,28.7,20.2,39.3,35.5,29.6,16.4,33.4,14.4,34.0,45.1,24.7,16.5,35.2,32.0,29.2,15.4,30.1,43.3,18.1,42.0,0,0.198,0.28,0.08,0.268,0.005,0.02,0.122,0.22,0.269,0.074
1772972650.5578,46.1,43.7,41.6,58.5,62.9,55.5,56.1,54.1,54.4,51.0,51.3,33.7,33.4,45.3,44.5,46.3,14.4,32.3,9.7,22.7,21.6,13.5,34.0,19.0,38.3,23.1,34.1,20.7,36.9,29.3,38.6,37.9,39.1,23.3,40.7,15.1,18.5,39.0,26.8,38.3,36.0,21.5,31.4,15.6,41.2,34.6,40.2,0,0.292,0.078,0.19,0.087,0.121,0.147,0.213,0.089,0.051,0.125
1772972650.6203,52.4,50.3,49.1,70.2,71.3,65.9,67.4,63.8,64.3,58.3,59.4,37.3,35.6,53.3,50.2,53.7,40.8,42.3,34.4,26.1,40.6,43.2,21.2,34.9,37.3,23.2,19.6,34.6,34.5,38.6,19.3,42.0,24.0,25.4,36.5,35.9,30.6,42.7,33.2,41.7,24.8,42.5,32.8,34.1,47.1,39.0,48.3,1,0.159,0.208,0.269,0.083,0.235,0.259,0.195,0.214,0.021,0.147
1772972650.6828,41.4,39.5,37.4,61.0,59.4,55.3,56.2,53.7,53.6,44.7,45.8,30.7,30.2,41.2,41.3,41.0,7.2,26.2,22.4,21.6,13.1,9.5,28.5,15.0,14.3,31.6,30.3,13.6,22.9,22.5,31.9,26.2,22.7,11.1,24.6,32.0,10.1,25.8,7.5,19.2,13.0,12.5,17.6,35.6,8.3,11.2,34.4,0,0.009,0.229,0.236,0.062,0.21,0.116,0.035,0.064,0.284,0.122
1772972650.7453,43.8,42.8,40.2,56.4,59.1,52.5,52.8,50.0,50.3,49.6,50.8,35.0,34.8,43.8,42.5,44.9,27.2,31.9,9.6,31.7,23.8,11.7,33.1,29.8,17.4,16.3,27.2,30.8,21.9,17.6,15.4,42.1,38.8,36.8,14.6,32.2,15.0,29.0,23.4,39.0,38.6,12.3,10.8,24.3,22.2,16.8,39.9,0,0.138,0.264,0.261,0.077,0.281,0.133,0.094,0.08,0.133,0.174
1772972650.8078,45.6,42.8,41.4,66.4,65.2,60.2,61.3,58.5,58.5,49.6,49.9,30.3,28.6,45.0,44.1,45.5,36.9,35.0,23.0,14.0,29.0,30.4,29.7,12.9,18.7,26.3,42.0,29.5,40.2,17.8,20.5,28.5,14.5,42.2,22.3,16.4,18.8,35.9,11.3,26.1,18.4,19.1,16.8,36.9,37.9,32.7,41.3,0,0.017,0.072,0.223,0.267,0.104,0.102,0.275,0.241,0.088,0.134
1772972650.8703,53.0,50.7,49.6,77.0,73.0,69.5,69.9,68.4,66.9,55.6,57.1,44.4,44.1,54.8,52.9,52.6,45.4,32.8,22.8,35.5,40.6,30.0,42.9,33.0,36.7,42.3,37.3,36.3,25.6,32.2,42.3,27.1,43.7,42.5,45.4,36.4,47.7,43.7,29.6,45.6,46.7,50.1,28.5,47.9,46.1,25.2,47.2,0,0.166,0.027,0.122,0.273,0.196,0.045,0.196,0.197,0.23,0.102
1772972650.9328,42.1,40.5,38.4,61.3,60.9,57.9,58.6,55.3,55.3,43.8,44.1,29.0,27.5,42.4,39.6,41.1,28.7,33.6,38.4,11.8,31.4,14.4,15.7,33.4,35.6,9.8,17.0,35.6,39.8,15.5,34.6,29.4,23.3,31.5,7.4,34.6,24.1,7.2,34.5,20.0,29.7,32.4,34.8,30.8,24.9,32.2,37.4,0,0.212,0.206,0.221,0.094,0.171,0.226,0.17,0.21,0.257,0.111
1772972650.9953,46.5,45.0,43.8,63.1,65.5,59.8,60.7,58.7,57.7,52.1,54.1,33.3,33.3,48.2,46.1,48.0,36.8,21.6,36.4,21.8,28.5,34.2,37.9,32.5,42.6,33.7,37.1,41.4,44.1,33.4,28.0,29.6,33.6,19.2,41.6,34.6,24.3,27.0,42.7,37.8,27.0,46.2,24.8,24.7,34.2,19.3,42.2,1,0.143,0.172,0.091,0.126,0.158,0.093,0.132,0.276,0.186,0.14
1772972651.0578,51.9,49.9,47.3,64.3,64.1,57.9,58.6,55.4,55.6,52.5,52.5,39.5,39.4,50.7,49.2,49.9,19.7,38.6,28.3,43.0,31.5,24.9,36.3,26.7,24.0,34.5,17.2,36.1,31.1,33.0,24.0,34.0,32.2,19.3,21.6,46.3,16.4,43.8,41.4,37.6,33.7,24.0,31.0,19.7,29.9,26.9,45.5,0,0.157,0.103,0.037,0.075,0.126,0.077,0.293,0.17,0.185,0.027
1772972651.1203,42.2,42.4,39.9,61.5,61.1,56.9,57.5,54.2,55.6,45.6,47.4,31.3,30.1,43.9,43.7,42.8,35.4,39.6,32.2,12.5,12.3,32.0,16.8,17.6,29.2,16.1,8.0,23.6,12.0,26.4,12.5,29.8,19.7,11.6,18.6,15.7,18.5,25.3,31.9,29.0,13.1,12.1,10.0,17.0,34.4,15.1,39.6,1,0.212,0.124,0.231,0.123,0.104,0.13,0.009,0.06,0.099,0.266
1772972651.1828,52.8,51.4,48.5,66.8,69.5,63.3,65.1,60.9,60.7,57.6,58.6,39.6,38.3,51.8,50.5,53.0,23.8,37.6,35.1,21.8,45.5,34.3,27.5,24.2,34.2,34.4,46.9,24.5,42.8,42.1,45.4,26.5,41.8,26.7,31.3,39.4,37.5,48.9,41.3,44.5,18.5,48.2,26.6,24.4,26.4,46.3,46.9,0,0.157,0.258,0.08,0.106,0.206,0.073,0.288,0.032,0.052,0.184
1772972651.2453,47.9,47.0,44.1,70.5,69.1,63.2,63.3,61.0,60.7,49.9,51.6,36.4,36.2,49.5,45.8,47.0,31.7,37.5,45.7,43.7,35.4,17.8,22.3,15.4,32.0,34.0,15.6,32.2,41.1,20.5,25.0,15.8,24.0,40.1,15.3,35.1,42.1,36.5,22.4,32.9,23.7,20.9,30.2,15.1,22.0,30.7,41.5,0,0.019,0.138,0.14,0.131,0.267,0.108,0.122,0.172,0.265,0.236
1772972651.3078,42.3,42.9,40.3,58.2,55.6,50.7,52.1,48.5,48.7,47.6,49.4,34.2,32.3,45.4,43.7,44.0,37.4,22.7,18.8,28.3,10.2,9.8,27.3,10.2,25.5,25.1,28.0,19.4,34.5,17.2,32.3,23.4,13.0,20.9,14.9,25.9,12.0,20.7,42.0,27.7,35.3,25.3,26.9,40.3,27.7,13.5,39.6,0,0.164,0.02,0.083,0.139,0.292,0.133,0.118,0.09,0.095,0.269
1772972651.3703,42.2,38.8,37.4,60.6,62.1,56.0,56.2,54.9,54.7,42.5,42.9,26.7,26.4,43.3,39.4,40.0,34.9,28.5,17.3,23.2,28.3,28.2,15.9,11.3,25.3,27.2,30.6,9.5,37.3,21.2,14.0,32.1,9.4,15.1,21.8,25.7,6.5,24.5,20.8,30.5,24.0,35.4,16.4,19.0,23.1,25.8,35.3,0,0.286,0.168,0.145,0.034,0.251,0.299,0.098,0.104,0.094,0.195
1772972651.4328,54.2,53.4,51.6,70.0,70.3,66.9,67.6,65.4,65.5,56.7,57.2,41.4,39.4,55.8,54.7,54.2,34.0,28.8,48.2,20.7,42.2,46.3,47.1,52.7,40.8,35.2,30.3,45.8,45.3,42.6,29.4,40.2,22.9,33.1,34.2,29.3,27.6,38.6,45.3,42.3,37.0,28.6,53.9,40.8,24.6,54.0,51.4,0,0.207,0.044,0.177,0.104,0.07,0.213,0.257,0.002,0.089,0.15
1772972651.4953,46.5,45.0,42.9,66.5,64.7,59.4,60.5,57.8,56.9,50.4,52.1,29.5,28.5,47.7,45.1,46.6,18.0,14.0,33.5,33.9,30.1,25.6,43.0,26.6,35.9,22.9,17.1,35.0,24.5,36.5,17.1,15.2,31.9,28.9,34.5,20.3,27.3,37.0,38.6,26.4,14.6,40.1,23.1,23.2,15.9,27.4,40.3,0,0.187,0.212,0.181,0.231,0.106,0.143,0.062,0.082,0.291,0.055
1772972651.5578,51.7,49.2,46.8,66.4,66.7,60.7,62.5,58.3,58.1,52.2,52.4,41.3,41.1,50.4,49.4,49.5,37.6,25.7,49.3,30.6,43.9,40.7,17.6,16.8,36.9,40.5,39.0,44.5,29.0,22.6,22.8,48.4,27.7,39.7,23.4,41.6,28.5,28.4,43.3,37.5,27.6,43.8,46.4,41.8,26.1,15.5,44.7,0,0.124,0.21,0.263,0.127,0.178,0.092,0.256,0.283,0.294,0.172
1772972651.6203,48.3,48.3,45.5,68.3,70.4,64.1,64.3,62.1,61.1,52.9,53.3,39.3,38.0,51.0,47.3,49.2,23.5,21.5,33.0,39.6,36.0,39.0,32.7,26.7,38.8,37.0,21.6,17.0,23.4,35.9,18.2,20.3,20.1,20.0,26.5,40.7,31.2,27.4,19.0,33.9,42.7,17.8,18.0,39.9,44.2,33.6,43.1,0,0.072,0.218,0.214,0.296,0.012,0.124,0.047,0.078,0.289,0.048
1772972651.6828,40.1,37.7,35.4,62.6,60.6,54.9,55.8,53.8,52.4,43.1,43.5,23.2,22.0,38.7,38.8,39.2,20.4,22.6,10.6,20.8,36.6,5.1,7.2,21.2,12.5,4.9,13.4,5.1,17.8,10.4,9.8,18.9,25.9,16.9,7.0,10.4,20.7,33.5,11.9,25.2,19.2,20.2,30.7,24.1,22.9,19.7,33.0,0,0.244,0.112,0.193,0.046,0.191,0.295,0.182,0.236,0.074,0.16
1772972651.7453,52.1,52.1,49.6,70.2,71.9,64.7,65.7,62.2,62.2,55.3,55.3,34.6,33.3,53.0,50.9,52.5,31.6,34.6,50.7,31.2,34.2,32.1,35.9,42.7,43.3,36.3,19.2,41.2,41.4,49.0,23.7,43.9,24.6,24.9,47.8,25.8,27.1,43.1,22.8,23.5,33.1,27.3,51.4,34.7,45.1,18.5,47.7,0,0.285,0.148,0.185,0.171,0.05,0.283,0.103,0.107,0.141,0.017
1772972651.8078,42.7,42.2,40.7,59.6,60.2,56.6,58.0,54.2,54.2,48.6,48.8,32.8,32.7,46.0,43.2,44.7,35.6,37.7,41.6,30.4,18.0,16.5,37.2,17.3,10.7,18.5,40.4,24.7,24.3,14.5,11.6,32.8,41.7,28.9,17.2,38.8,28.2,27.7,28.5,35.1,31.7,30.0,22.1,26.7,19.9,37.5,39.4,0,0.261,0.116,0.154,0.214,0.058,0.04,0.238,0.057,0.18,0.015
1772972651.8703,45.9,43.6,42.1,66.0,64.4,61.0,62.1,59.6,58.2,48.4,50.2,31.0,29.6,46.6,45.2,45.2,23.0,10.9,31.6,22.4,26.2,29.7,17.8,31.9,31.8,30.3,41.2,39.1,15.0,11.2,39.1,29.6,40.2,44.4,15.9,31.1,30.9,11.8,22.4,15.5,25.5,32.4,27.2,10.6,13.5,11.3,41.7,0,0.043,0.18,0.021,0.23,0.252,0.11,0.173,0.006,0.08,0.061
1772972651.9328,50.1,49.0,47.6,67.4,70.0,63.8,65.6,62.6,60.9,56.7,58.3,37.7,36.4,51.2,49.2,52.2,26.3,37.0,44.1,44.5,38.7,18.4,19.6,45.1,31.4,39.5,41.7,31.0,29.1,43.1,47.5,35.8,21.7,46.6,36.7,17.3,38.7,44.2,42.5,24.8,37.9,26.7,25.5,19.6,24.2,29.2,46.0,0,0.039,0.104,0.004,0.3,0.127,0.044,0.018,0.273,0.25,0.021
1772972651.9953,49.4,48.5,47.1,62.9,65.5,59.9,61.8,58.5,58.3,56.7,57.2,32.8,31.7,52.0,50.0,51.9,43.9,25.6,25.9,45.0,29.7,22.7,20.1,25.4,46.1,16.5,27.1,26.8,41.5,22.6,28.9,28.6,26.4,22.3,31.5,34.1,26.7,44.9,42.4,29.5,33.7,36.2,42.0,27.4,39.8,21.1,45.8,1,0.206,0.022,0.22,0.105,0.131,0.095,0.121,0.023,0.013,0.118
1772972652.0578,38.9,36.6,35.3,56.0,56.5,51.2,53.1,48.8,49.7,44.7,46.3,22.8,22.3,41.0,37.7,40.0,8.8,8.7,18.1,18.4,6.3,33.3,19.0,11.4,32.4,17.7,7.5,8.0,26.6,32.7,6.3,22.9,13.5,9.7,5.9,10.9,16.5,18.5,22.2,9.6,17.6,25.8,32.4,24.9,8.0,22.8,34.7,0,0.244,0.056,0.101,0.194,0.296,0.294,0.031,0.023,0.098,0.275
1772972652.1203,53.9,53.5,50.5,68.6,67.3,63.7,64.8,62.6,61.5,56.5,57.4,38.8,37.3,54.9,52.1,53.5,38.7,21.9,43.4,27.5,30.8,22.7,48.9,38.5,36.4,47.6,34.1,37.7,26.7,25.0,40.4,41.4,29.8,45.3,37.0,46.5,18.8,42.3,44.0,39.0,45.2,23.8,23.1,46.7,47.4,50.2,49.0,0,0.29,0.202,0.109,0.101,0.138,0.26,0.219,0.131,0.295,0.002
1772972652.1828,52.0,50.6,48.7,71.2,68.3,63.8,64.3,61.4,62.7,55.0,55.6,37.0,36.1,54.7,51.5,51.9,27.6,39.1,35.8,36.5,30.1,38.7,18.0,34.0,44.2,30.0,46.2,21.2,34.8,47.8,40.3,24.8,37.7,32.3,32.4,22.1,36.0,28.9,25.7,40.9,19.7,39.1,27.0,39.5,47.6,25.5,46.4,0,0.124,0.088,0.209,0.091,0.293,0.055,0.138,0.229,0.116,0.058
1772972652.2453,41.4,40.8,38.8,61.6,58.8,55.0,56.3,52.1,53.0,44.8,44.9,27.7,26.3,44.2,40.4,41.8,17.4,16.8,15.4,28.1,7.0,17.1,15.8,20.5,29.3,37.0,35.9,15.8,21.7,15.6,37.1,12.6,11.6,24.6,29.3,39.0,35.8,12.9,35.6,10.5,35.8,31.3,10.7,39.7,23.4,37.0,36.0,1,0.203,0.252,0.219,0.153,0.202,0.029,0.076,0.273,0.286,0.172
1772972652.3078,43.4,42.5,40.8,61.7,61.6,57.5,57.7,55.2,55.1,46.0,47.8,30.7,30.0,46.1,44.1,43.4,30.5,31.2,23.9,18.5,12.2,19.3,24.6,16.4,38.5,32.2,21.6,14.9,24.4,23.8,24.4,32.5,34.9,13.8,28.9,32.8,37.7,28.2,15.3,28.8,15.6,36.1,25.8,29.6,30.0,36.2,40.0,0,0.106,0.109,0.137,0.196,0.144,0.184,0.028,0.023,0.061,0.001
1772972652.3703,51.0,48.8,47.5,61.5,63.2,58.0,58.2,56.5,56.1,57.4,58.8,40.7,39.1,51.8,49.6,52.5,36.8,37.7,26.8,24.4,41.1,36.0,31.0,31.9,40.3,29.0,43.7,44.9,27.3,43.0,40.1,19.6,46.0,32.6,28.8,28.3,36.5,44.5,37.4,22.2,42.4,40.8,33.4,46.9,30.4,22.2,46.5,0,0.177,0.165,0.011,0.286,0.134,0.178,0.162,0.087,0.015,0.088
1772972652.4328,43.5,42.4,40.4,54.5,55.4,51.3,52.3,50.1,49.2,49.8,51.1,30.5,29.5,45.5,41.5,45.1,34.0,19.9,24.1,38.5,40.0,19.4,16.5,28.2,12.3,37.3,27.4,19.6,27.8,37.0,27.1,13.0,41.0,34.3,17.6,17.0,24.8,36.9,10.6,19.0,20.4,15.1,19.0,33.6,20.7,33.4,38.9,0,0.098,0.182,0.109,0.283,0.283,0.047,0.179,0.27,0.227,0.013
1772972652.4953,38.2,37.4,35.1,58.2,62.2,55.1,56.3,52.2,53.5,40.2,41.8,25.4,24.0,40.1,36.7,37.7,29.3,15.0,12.0,36.2,7.2,17.7,24.2,27.5,17.2,15.4,25.0,8.8,15.8,19.2,21.9,10.8,17.2,32.8,10.7,17.9,8.8,28.6,20.0,13.2,16.2,12.1,6.8,12.6,12.1,37.5,33.1,0,0.112,0.205,0.219,0.21,0.251,0.084,0.258,0.093,0.004,0.257
1772972652.5578,42.2,41.0,39.1,57.6,58.8,51.1,52.6,48.7,48.2,47.8,48.5,26.3,26.3,42.8,40.5,43.5,32.7,25.1,15.3,30.2,29.8,12.2,21.2,33.4,20.8,20.9,20.0,35.7,37.7,22.9,24.3,24.0,15.4,12.5,15.8,19.5,19.0,10.0,37.2,22.3,32.0,37.7,37.7,29.3,37.9,20.0,38.1,0,0.111,0.202,0.137,0.114,0.236,0.188,0.189,0.044,0.041,0.146
1772972652.6203,43.3,43.1,40.3,57.2,58.9,52.4,53.5,49.8,51.3,47.3,47.9,33.9,33.8,44.1,43.5,43.8,30.7,31.8,30.2,21.2,37.7,30.3,10.8,36.9,39.8,16.8,37.9,36.2,33.4,37.9,39.2,18.1,24.9,23.6,12.2,24.0,16.0,29.8,23.6,15.2,17.2,40.5,40.0,23.3,41.9,27.3,37.6,0,0.119,0.021,0.02,0.008,0.138,0.012,0.104,0.139,0.014,0.041
1772972652.6828,56.4,53.5,51.9,75.0,75.0,71.4,73.1,68.9,70.2,57.7,58.1,40.4,39.9,56.3,55.0,54.8,50.9,33.5,23.5,31.5,49.5,28.0,27.9,32.8,33.4,35.7,54.6,28.9,29.3,36.8,24.7,32.5,44.4,46.2,30.1,24.8,21.3,33.6,46.4,35.3,42.9,36.6,42.2,47.7,24.6,40.5,49.5,1,0.195,0.184,0.286,0.257,0.215,0.282,0.14,0.112,0.225,0.175
1772972652.7453,45.1,43.4,41.4,66.4,64.2,58.8,59.8,56.0,56.5,49.6,50.9,36.2,34.9,44.7,43.4,45.5,21.6,12.9,12.5,41.7,33.8,13.2,18.4,22.1,33.1,27.6,14.3,38.0,31.8,33.8,28.1,39.8,18.3,13.4,34.6,38.3,38.3,17.4,13.6,11.3,34.1,32.5,41.5,19.6,25.0,30.4,41.4,0,0.264,0.009,0.232,0.217,0.035,0.056,0.222,0.117,0.209,0.049
1772972652.8078,44.7,43.6,40.9,61.9,60.8,55.8,56.7,54.2,53.7,46.5,47.0,32.3,31.1,46.8,42.7,43.7,32.8,18.0,34.2,17.4,20.0,16.0,40.6,20.4,34.0,9.1,34.8,15.1,26.3,23.2,30.7,16.3,37.6,15.5,30.7,31.2,24.0,13.7,27.2,39.7,32.2,27.8,35.4,27.4,21.5,30.7,38.4,0,0.252,0.103,0.136,0.196,0.185,0.285,0.144,0.293,0.029,0.292
1772972652.8703,53.5,51.9,50.3,69.0,70.3,65.8,67.8,63.0,63.4,56.0,57.5,39.5,38.4,54.2,53.3,53.1,37.6,51.3,52.6,41.4,32.2,21.1,23.8,47.6,24.8,42.3,24.3,44.7,44.9,44.4,43.4,42.7,45.4,27.2,30.3,50.4,20.4,37.4,29.3,33.2,37.4,36.1,42.1,29.3,45.7,29.9,49.8,1,0.28,0.055,0.142,0.053,0.189,0.062,0.245,0.294,0.183,0.001
1772972652.9328,48.3,46.6,45.6,70.9,72.6,65.1,66.7,62.7,62.7,52.9,53.6,36.1,34.5,50.5,49.3,49.2,41.4,26.6,31.3,14.7,31.3,45.6,18.1,28.7,42.3,25.9,42.3,37.3,36.2,20.8,34.9,15.5,22.3,40.1,38.1,19.9,37.9,29.3,27.9,37.5,26.3,27.4,14.1,26.9,26.7,29.4,44.0,0,0.124,0.097,0.132,0.238,0.112,0.136,0.012,0.297,0.047,0.211
1772972652.9953,43.4,42.9,40.6,64.0,62.4,58.8,59.3,57.3,57.4,49.9,50.7,26.6,26.2,44.4,42.5,45.2,21.7,38.4,31.7,25.6,33.3,19.4,35.5,18.2,37.4,37.8,20.4,29.3,31.9,31.3,32.5,23.4,15.4,29.0,37.3,35.7,30.7,33.7,34.4,23.5,25.3,16.7,36.9,28.8,36.0,16.7,38.9,1,0.221,0.139,0.299,0.067,0.28,0.253,0.263,0.217,0.297,0.257
1772972653.0578,45.6,43.0,42.0,57.3,58.4,53.4,53.4,51.8,51.0,47.3,48.5,36.4,35.8,45.3,43.6,44.6,37.7,30.7,41.2,16.1,31.3,24.2,36.8,17.0,33.7,16.0,38.7,30.5,29.8,32.6,32.0,21.0,19.6,28.5,41.3,27.1,14.7,42.3,24.3,23.2,15.4,23.4,39.7,32.0,16.5,29.3,41.0,1,0.008,0.098,0.294,0.125,0.243,0.188,0.254,0.117,0.006,0.296
1772972653.1203,42.2,40.7,38.4,57.3,56.5,51.5,52.1,50.4,48.7,43.6,45.1,24.9,24.3,42.5,42.1,41.0,6.3,31.5,39.0,22.4,11.9,20.7,24.3,21.6,6.6,21.6,26.7,35.3,39.1,10.7,12.7,21.1,18.8,22.9,38.8,14.3,20.0,33.7,28.5,30.2,26.8,14.8,28.1,16.3,37.3,6.8,37.4,1,0.298,0.241,0.297,0.247,0.135,0.231,0.218,0.03,0.259,0.261
1772972653.1828,43.5,42.2,40.7,62.3,60.8,55.8,56.8,54.5,54.2,46.0,48.0,34.0,33.0,44.1,43.1,43.4,30.9,22.1,35.2,12.9,12.2,23.1,23.9,28.1,19.4,20.2,15.3,20.0,26.5,33.2,16.5,29.7,27.2,23.8,10.5,10.0,14.7,17.6,28.2,36.8,18.9,22.5,18.2,13.7,40.3,15.8,39.5,0,0.293,0.14,0.265,0.224,0.022,0.223,0.299,0.186,0.283,0.225
1772972653.2453,53.0,50.4,48.2,64.5,67.4,61.0,61.1,58.3,58.7,57.8,59.4,33.5,32.4,53.5,49.2,53.0,47.1,32.8,31.8,36.8,21.7,41.6,31.6,20.6,33.0,41.5,21.1,37.3,49.6,32.2,27.7,36.4,48.9,35.2,48.9,32.2,28.1,37.2,21.1,31.4,29.4,32.9,23.2,21.1,18.7,30.5,45.7,0,0.1,0.223,0.153,0.155,0.282,0.02,0.165,0.007,0.239,0.265
1772972653.3078,39.1,37.5,36.4,55.3,51.2,47.4,48.3,45.5,44.6,43.0,43.7,27.7,25.7,40.0,37.7,39.7,18.8,28.2,26.2,20.6,35.4,27.1,13.6,31.1,12.8,18.6,11.7,23.1,28.2,30.1,26.2,35.8,24.8,19.2,14.0,31.6,9.6,26.6,15.6,14.7,22.9,36.6,11.4,6.7,14.5,32.9,35.9,0,0.293,0.085,0.274,0.056,0.182,0.182,0.18,0.132,0.161,0.121
1772972653.3703,49.5,47.8,46.1,68.5,70.5,64.8,66.2,61.9,62.3,51.5,52.5,38.4,37.2,51.2,49.8,48.8,37.3,30.3,16.1,42.8,33.3,15.8,19.0,30.7,39.1,33.3,45.6,29.1,41.1,41.2,31.2,29.3,20.2,38.9,45.5,42.4,24.8,26.1,40.7,28.8,28.4,16.3,25.7,24.4,28.5,42.5,44.4,0,0.158,0.012,0.175,0.162,0.094,0.069,0.252,0.254,0.088,0.228
1772972653.4328,51.0,49.6,47.7,68.6,68.8,61.7,62.0,59.6,60.5,55.2,56.1,39.7,38.0,51.9,49.8,51.5,26.9,42.3,44.7,20.6,41.1,25.7,27.4,28.9,37.2,23.6,26.5,31.5,42.9,40.2,29.5,18.1,30.1,20.9,26.8,28.5,26.7,30.2,22.1,44.6,48.2,38.6,27.1,22.5,19.5,16.2,45.0,0,0.225,0.03,0.18,0.255,0.037,0.1,0.157,0.093,0.065,0.229
1772972653.4953,46.9,44.8,43.0,60.8,56.9,53.4,54.1,51.2,51.0,50.7,51.7,31.4,29.6,48.0,46.7,46.9,19.6,25.5,17.0,24.9,41.3,29.9,36.1,30.3,34.6,38.0,25.0,36.2,11.7,18.9,25.9,34.4,16.9,38.2,35.0,24.9,21.1,25.0,24.5,16.2,20.4,39.2,24.2,12.6,19.8,12.1,41.0,0,0.197,0.256,0.072,0.274,0.013,0.011,0.284,0.236,0.073,0.159
1772972653.5578,42.4,41.2,40.0,63.2,61.2,56.2,57.3,55.0,54.8,48.8,49.8,28.3,26.6,44.6,43.9,44.4,15.8,11.4,24.5,9.0,33.2,25.3,18.8,11.1,25.8,35.1,15.0,13.5,18.1,14.7,20.3,22.0,13.6,31.3,12.7,20.1,15.8,32.1,21.4,15.4,24.4,39.7,13.4,39.9,33.8,21.7,39.1,0,0.072,0.169,0.27,0.211,0.291,0.295,0.05,0.275,0.093,0.18
1772972653.6203,45.8,45.2,42.6,64.0,66.3,59.6,60.2,56.9,58.0,49.1,49.9,32.6,31.1,47.8,44.1,45.9,28.4,16.4,13.1,24.7,18.8,30.8,18.4,17.9,17.1,10.5,40.3,22.9,25.3,25.8,42.3,23.3,14.5,41.6,14.8,23.5,41.4,37.5,33.9,40.0,29.2,26.9,19.1,30.2,16.9,30.6,41.4,0,0.111,0.288,0.049,0.047,0.2,0.067,0.092,0.237,0.149,0.245
